algorithm,mode,pairs,sample_size,pair_index,dataset_seed,left_hash,right_hash,left_hash_seed,right_hash_seed,left_params,right_params,strategy,validity,topology,exact_union,estimate_merge,estimate_serial,error_merge_abs_exact,error_merge_rel_exact,error_serial_abs_exact,error_serial_rel_exact,baseline_homogeneous,delta_vs_baseline
HyperLogLog++,merge_heterogeneous,25,10000000,0,21041998,xxhash64,xxhash64,21041998,21041998,k=16,k=18,unsafe_naive_merge,recoverable,pairwise,1899825,1974257,1895646,74432,0.03917834537,4179,0.002199676286,1895646,78611
HyperLogLog++,merge_heterogeneous,25,10000000,1,21041998,xxhash64,xxhash64,21041998,21041998,k=16,k=18,unsafe_naive_merge,recoverable,pairwise,1899999,1983274,1902826,83275,0.04382897044,2827,0.00148789552,1902826,80448
HyperLogLog++,merge_heterogeneous,25,10000000,2,21041998,xxhash64,xxhash64,21041998,21041998,k=16,k=18,unsafe_naive_merge,recoverable,pairwise,1899415,1987625,1909780,88210,0.04644061461,10365,0.005456943322,1909780,77845
HyperLogLog++,merge_heterogeneous,25,10000000,3,21041998,xxhash64,xxhash64,21041998,21041998,k=16,k=18,unsafe_naive_merge,recoverable,pairwise,1899684,1976100,1901680,76416,0.04022563753,1996,0.001050701064,1901680,74420
HyperLogLog++,merge_heterogeneous,25,10000000,4,21041998,xxhash64,xxhash64,21041998,21041998,k=16,k=18,unsafe_naive_merge,recoverable,pairwise,1899939,1982763,1900831,82824,0.04359297851,892,0.0004694887573,1900831,81932
HyperLogLog++,merge_heterogeneous,25,10000000,5,21041998,xxhash64,xxhash64,21041998,21041998,k=16,k=18,unsafe_naive_merge,recoverable,pairwise,1899803,1961551,1884479,61748,0.03250231735,15324,0.008066099485,1884479,77072
HyperLogLog++,merge_heterogeneous,25,10000000,6,21041998,xxhash64,xxhash64,21041998,21041998,k=16,k=18,unsafe_naive_merge,recoverable,pairwise,1899775,1986635,1906438,86860,0.04572120383,6663,0.003507257438,1906438,80197
HyperLogLog++,merge_heterogeneous,25,10000000,7,21041998,xxhash64,xxhash64,21041998,21041998,k=16,k=18,unsafe_naive_merge,recoverable,pairwise,1900479,1980879,1910231,80400,0.04230512413,9752,0.005131337942,1910231,70648
HyperLogLog++,merge_heterogeneous,25,10000000,8,21041998,xxhash64,xxhash64,21041998,21041998,k=16,k=18,unsafe_naive_merge,recoverable,pairwise,1899782,1976618,1907546,76836,0.04044464049,7764,0.004086784694,1907546,69072
HyperLogLog++,merge_heterogeneous,25,10000000,9,21041998,xxhash64,xxhash64,21041998,21041998,k=16,k=18,unsafe_naive_merge,recoverable,pairwise,1900202,1987680,1910243,87478,0.04603615826,10041,0.005284175051,1910243,77437
HyperLogLog++,merge_heterogeneous,25,10000000,10,21041998,xxhash64,xxhash64,21041998,21041998,k=16,k=18,unsafe_naive_merge,recoverable,pairwise,1900093,1968915,1897265,68822,0.03622033237,2828,0.001488348202,1897265,71650
HyperLogLog++,merge_heterogeneous,25,10000000,11,21041998,xxhash64,xxhash64,21041998,21041998,k=16,k=18,unsafe_naive_merge,recoverable,pairwise,1899520,1980151,1904263,80631,0.04244809215,4743,0.002496946597,1904263,75888
HyperLogLog++,merge_heterogeneous,25,10000000,12,21041998,xxhash64,xxhash64,21041998,21041998,k=16,k=18,unsafe_naive_merge,recoverable,pairwise,1899889,1978740,1893978,78851,0.04150295096,5911,0.003111234393,1893978,84762
HyperLogLog++,merge_heterogeneous,25,10000000,13,21041998,xxhash64,xxhash64,21041998,21041998,k=16,k=18,unsafe_naive_merge,recoverable,pairwise,1900236,1984316,1896599,84080,0.04424713562,3637,0.001913972791,1896599,87717
HyperLogLog++,merge_heterogeneous,25,10000000,14,21041998,xxhash64,xxhash64,21041998,21041998,k=16,k=18,unsafe_naive_merge,recoverable,pairwise,1899776,1974352,1894244,74576,0.03925515429,5532,0.002911922248,1894244,80108
HyperLogLog++,merge_heterogeneous,25,10000000,15,21041998,xxhash64,xxhash64,21041998,21041998,k=16,k=18,unsafe_naive_merge,recoverable,pairwise,1900065,1977823,1900001,77758,0.04092386313,64,3.368305821e-05,1900001,77822
HyperLogLog++,merge_heterogeneous,25,10000000,16,21041998,xxhash64,xxhash64,21041998,21041998,k=16,k=18,unsafe_naive_merge,recoverable,pairwise,1900115,1979206,1907041,79091,0.04162432274,6926,0.003645042537,1907041,72165
HyperLogLog++,merge_heterogeneous,25,10000000,17,21041998,xxhash64,xxhash64,21041998,21041998,k=16,k=18,unsafe_naive_merge,recoverable,pairwise,1900443,1970367,1907798,69924,0.03679352656,7355,0.003870150275,1907798,62569
HyperLogLog++,merge_heterogeneous,25,10000000,18,21041998,xxhash64,xxhash64,21041998,21041998,k=16,k=18,unsafe_naive_merge,recoverable,pairwise,1900447,1980338,1917069,79891,0.04203800474,16622,0.008746363356,1917069,63269
HyperLogLog++,merge_heterogeneous,25,10000000,19,21041998,xxhash64,xxhash64,21041998,21041998,k=16,k=18,unsafe_naive_merge,recoverable,pairwise,1900015,1970007,1897490,69992,0.03683760391,2525,0.001328936877,1897490,72517
HyperLogLog++,merge_heterogeneous,25,10000000,20,21041998,xxhash64,xxhash64,21041998,21041998,k=16,k=18,unsafe_naive_merge,recoverable,pairwise,1900150,1989424,1915835,89274,0.04698260664,15685,0.008254611478,1915835,73589
HyperLogLog++,merge_heterogeneous,25,10000000,21,21041998,xxhash64,xxhash64,21041998,21041998,k=16,k=18,unsafe_naive_merge,recoverable,pairwise,1899601,1962750,1894479,63149,0.03324329688,5122,0.002696355708,1894479,68271
HyperLogLog++,merge_heterogeneous,25,10000000,22,21041998,xxhash64,xxhash64,21041998,21041998,k=16,k=18,unsafe_naive_merge,recoverable,pairwise,1900370,1979540,1897928,79170,0.04166030826,2442,0.001285012919,1897928,81612
HyperLogLog++,merge_heterogeneous,25,10000000,23,21041998,xxhash64,xxhash64,21041998,21041998,k=16,k=18,unsafe_naive_merge,recoverable,pairwise,1899707,1992265,1912733,92558,0.04872225033,13026,0.006856846872,1912733,79532
HyperLogLog++,merge_heterogeneous,25,10000000,24,21041998,xxhash64,xxhash64,21041998,21041998,k=16,k=18,unsafe_naive_merge,recoverable,pairwise,1899772,1971147,1897618,71375,0.03757029791,2154,0.001133820269,1897618,73529
