algorithm,params,mode,runs,sample_size,number_of_elements_processed,f0,seed,f0_mean_t,f0_hat_mean_t,variance,stddev,rse_theoretical,rse_observed,bias,absolute_bias,relative_bias,mean_relative_error,rmse,mae
Probabilistic Counting,L=4,streaming,50,10000000,1,100000,21041998,1,1.48,0.2546938776,0.5046720495,nan,0.5046720495,0.48,0.48,0.48,0.48,0.692820323,0.48
Probabilistic Counting,L=4,streaming,50,10000000,1539,100000,21041998,16,14.7,33.07142857,5.750776345,nan,0.3594235216,-1.3,1.3,-0.08125,0.34125,5.839520528,5.46
Probabilistic Counting,L=4,streaming,50,10000000,4616,100000,21041998,47,19.4,5.755102041,2.398979375,nan,0.05104211436,-27.6,27.6,-0.5872340426,0.5872340426,27.70198549,27.6
Probabilistic Counting,L=4,streaming,50,10000000,6154,100000,21041998,62,19.6,3.918367347,1.979486637,nan,0.03192720383,-42.4,42.4,-0.6838709677,0.6838709677,42.44525886,42.4
Probabilistic Counting,L=4,streaming,50,10000000,7693,100000,21041998,77,19.8,2,1.414213562,nan,0.0183664099,-57.2,57.2,-0.7428571429,0.7428571429,57.2171303,57.2
Probabilistic Counting,L=4,streaming,50,10000000,10770,100000,21041998,108,20,0,0,nan,0,-88,88,-0.8148148148,0.8148148148,88,88
Probabilistic Counting,L=4,streaming,50,10000000,12308,100000,21041998,124,20,0,0,nan,0,-104,104,-0.8387096774,0.8387096774,104,104
Probabilistic Counting,L=4,streaming,50,10000000,13847,100000,21041998,139,20,0,0,nan,0,-119,119,-0.8561151079,0.8561151079,119,119
Probabilistic Counting,L=4,streaming,50,10000000,16923,100000,21041998,170,20,0,0,nan,0,-150,150,-0.8823529412,0.8823529412,150,150
Probabilistic Counting,L=4,streaming,50,10000000,18462,100000,21041998,185,20,0,0,nan,0,-165,165,-0.8918918919,0.8918918919,165,165
Probabilistic Counting,L=4,streaming,50,10000000,20000,100000,21041998,200,20,0,0,nan,0,-180,180,-0.9,0.9,180,180
Probabilistic Counting,L=4,streaming,50,10000000,23077,100000,21041998,231,20,0,0,nan,0,-211,211,-0.9134199134,0.9134199134,211,211
Probabilistic Counting,L=4,streaming,50,10000000,24616,100000,21041998,247,20,0,0,nan,0,-227,227,-0.9190283401,0.9190283401,227,227
Probabilistic Counting,L=4,streaming,50,10000000,26154,100000,21041998,262,20,0,0,nan,0,-242,242,-0.9236641221,0.9236641221,242,242
Probabilistic Counting,L=4,streaming,50,10000000,29231,100000,21041998,293,20,0,0,nan,0,-273,273,-0.9317406143,0.9317406143,273,273
Probabilistic Counting,L=4,streaming,50,10000000,30769,100000,21041998,308,20,0,0,nan,0,-288,288,-0.9350649351,0.9350649351,288,288
Probabilistic Counting,L=4,streaming,50,10000000,32308,100000,21041998,324,20,0,0,nan,0,-304,304,-0.9382716049,0.9382716049,304,304
Probabilistic Counting,L=4,streaming,50,10000000,35385,100000,21041998,354,20,0,0,nan,0,-334,334,-0.9435028249,0.9435028249,334,334
Probabilistic Counting,L=4,streaming,50,10000000,36923,100000,21041998,370,20,0,0,nan,0,-350,350,-0.9459459459,0.9459459459,350,350
Probabilistic Counting,L=4,streaming,50,10000000,38462,100000,21041998,385,20,0,0,nan,0,-365,365,-0.9480519481,0.9480519481,365,365
Probabilistic Counting,L=4,streaming,50,10000000,41539,100000,21041998,416,20,0,0,nan,0,-396,396,-0.9519230769,0.9519230769,396,396
Probabilistic Counting,L=4,streaming,50,10000000,43077,100000,21041998,431,20,0,0,nan,0,-411,411,-0.9535962877,0.9535962877,411,411
Probabilistic Counting,L=4,streaming,50,10000000,44615,100000,21041998,447,20,0,0,nan,0,-427,427,-0.9552572707,0.9552572707,427,427
Probabilistic Counting,L=4,streaming,50,10000000,47692,100000,21041998,477,20,0,0,nan,0,-457,457,-0.9580712788,0.9580712788,457,457
Probabilistic Counting,L=4,streaming,50,10000000,49231,100000,21041998,493,20,0,0,nan,0,-473,473,-0.9594320487,0.9594320487,473,473
Probabilistic Counting,L=4,streaming,50,10000000,50769,100000,21041998,508,20,0,0,nan,0,-488,488,-0.9606299213,0.9606299213,488,488
Probabilistic Counting,L=4,streaming,50,10000000,52308,100000,21041998,524,20,0,0,nan,0,-504,504,-0.9618320611,0.9618320611,504,504
Probabilistic Counting,L=4,streaming,50,10000000,55385,100000,21041998,554,20,0,0,nan,0,-534,534,-0.963898917,0.963898917,534,534
Probabilistic Counting,L=4,streaming,50,10000000,56923,100000,21041998,570,20,0,0,nan,0,-550,550,-0.9649122807,0.9649122807,550,550
Probabilistic Counting,L=4,streaming,50,10000000,58461,100000,21041998,585,20,0,0,nan,0,-565,565,-0.9658119658,0.9658119658,565,565
Probabilistic Counting,L=4,streaming,50,10000000,61538,100000,21041998,616,20,0,0,nan,0,-596,596,-0.9675324675,0.9675324675,596,596
Probabilistic Counting,L=4,streaming,50,10000000,63077,100000,21041998,631,20,0,0,nan,0,-611,611,-0.9683042789,0.9683042789,611,611
Probabilistic Counting,L=4,streaming,50,10000000,64615,100000,21041998,647,20,0,0,nan,0,-627,627,-0.9690880989,0.9690880989,627,627
Probabilistic Counting,L=4,streaming,50,10000000,67692,100000,21041998,677,20,0,0,nan,0,-657,657,-0.9704579025,0.9704579025,657,657
Probabilistic Counting,L=4,streaming,50,10000000,69231,100000,21041998,693,20,0,0,nan,0,-673,673,-0.9711399711,0.9711399711,673,673
Probabilistic Counting,L=4,streaming,50,10000000,70769,100000,21041998,708,20,0,0,nan,0,-688,688,-0.9717514124,0.9717514124,688,688
Probabilistic Counting,L=4,streaming,50,10000000,73846,100000,21041998,739,20,0,0,nan,0,-719,719,-0.9729364005,0.9729364005,719,719
Probabilistic Counting,L=4,streaming,50,10000000,75384,100000,21041998,754,20,0,0,nan,0,-734,734,-0.9734748011,0.9734748011,734,734
Probabilistic Counting,L=4,streaming,50,10000000,76923,100000,21041998,770,20,0,0,nan,0,-750,750,-0.974025974,0.974025974,750,750
Probabilistic Counting,L=4,streaming,50,10000000,80000,100000,21041998,800,20,0,0,nan,0,-780,780,-0.975,0.975,780,780
Probabilistic Counting,L=4,streaming,50,10000000,81538,100000,21041998,816,20,0,0,nan,0,-796,796,-0.9754901961,0.9754901961,796,796
Probabilistic Counting,L=4,streaming,50,10000000,83077,100000,21041998,831,20,0,0,nan,0,-811,811,-0.9759326113,0.9759326113,811,811
Probabilistic Counting,L=4,streaming,50,10000000,86153,100000,21041998,862,20,0,0,nan,0,-842,842,-0.9767981439,0.9767981439,842,842
Probabilistic Counting,L=4,streaming,50,10000000,87692,100000,21041998,877,20,0,0,nan,0,-857,857,-0.9771949829,0.9771949829,857,857
Probabilistic Counting,L=4,streaming,50,10000000,89230,100000,21041998,893,20,0,0,nan,0,-873,873,-0.9776035834,0.9776035834,873,873
Probabilistic Counting,L=4,streaming,50,10000000,92307,100000,21041998,924,20,0,0,nan,0,-904,904,-0.9783549784,0.9783549784,904,904
Probabilistic Counting,L=4,streaming,50,10000000,93846,100000,21041998,939,20,0,0,nan,0,-919,919,-0.9787007455,0.9787007455,919,919
Probabilistic Counting,L=4,streaming,50,10000000,95384,100000,21041998,954,20,0,0,nan,0,-934,934,-0.9790356394,0.9790356394,934,934
Probabilistic Counting,L=4,streaming,50,10000000,98461,100000,21041998,985,20,0,0,nan,0,-965,965,-0.9796954315,0.9796954315,965,965
Probabilistic Counting,L=4,streaming,50,10000000,100000,100000,21041998,1000,20,0,0,nan,0,-980,980,-0.98,0.98,980,980
Probabilistic Counting,L=4,streaming,50,10000000,102342,100000,21041998,1024,20,0,0,nan,0,-1004,1004,-0.98046875,0.98046875,1004,1004
Probabilistic Counting,L=4,streaming,50,10000000,107190,100000,21041998,1072,20,0,0,nan,0,-1052,1052,-0.9813432836,0.9813432836,1052,1052
Probabilistic Counting,L=4,streaming,50,10000000,109699,100000,21041998,1097,20,0,0,nan,0,-1077,1077,-0.9817684594,0.9817684594,1077,1077
Probabilistic Counting,L=4,streaming,50,10000000,112267,100000,21041998,1123,20,0,0,nan,0,-1103,1103,-0.982190561,0.982190561,1103,1103
Probabilistic Counting,L=4,streaming,50,10000000,117585,100000,21041998,1176,20,0,0,nan,0,-1156,1156,-0.9829931973,0.9829931973,1156,1156
Probabilistic Counting,L=4,streaming,50,10000000,120338,100000,21041998,1204,20,0,0,nan,0,-1184,1184,-0.9833887043,0.9833887043,1184,1184
Probabilistic Counting,L=4,streaming,50,10000000,123156,100000,21041998,1232,20,0,0,nan,0,-1212,1212,-0.9837662338,0.9837662338,1212,1212
Probabilistic Counting,L=4,streaming,50,10000000,128990,100000,21041998,1290,20,0,0,nan,0,-1270,1270,-0.984496124,0.984496124,1270,1270
Probabilistic Counting,L=4,streaming,50,10000000,132009,100000,21041998,1321,20,0,0,nan,0,-1301,1301,-0.9848599546,0.9848599546,1301,1301
Probabilistic Counting,L=4,streaming,50,10000000,135100,100000,21041998,1351,20,0,0,nan,0,-1331,1331,-0.985196151,0.985196151,1331,1331
Probabilistic Counting,L=4,streaming,50,10000000,141500,100000,21041998,1415,20,0,0,nan,0,-1395,1395,-0.9858657244,0.9858657244,1395,1395
Probabilistic Counting,L=4,streaming,50,10000000,144812,100000,21041998,1449,20,0,0,nan,0,-1429,1429,-0.9861973775,0.9861973775,1429,1429
Probabilistic Counting,L=4,streaming,50,10000000,148203,100000,21041998,1483,20,0,0,nan,0,-1463,1463,-0.9865138233,0.9865138233,1463,1463
Probabilistic Counting,L=4,streaming,50,10000000,155223,100000,21041998,1553,20,0,0,nan,0,-1533,1533,-0.9871216999,0.9871216999,1533,1533
Probabilistic Counting,L=4,streaming,50,10000000,158857,100000,21041998,1589,20,0,0,nan,0,-1569,1569,-0.9874134676,0.9874134676,1569,1569
Probabilistic Counting,L=4,streaming,50,10000000,162576,100000,21041998,1626,20,0,0,nan,0,-1606,1606,-0.987699877,0.987699877,1606,1606
Probabilistic Counting,L=4,streaming,50,10000000,170277,100000,21041998,1703,20,0,0,nan,0,-1683,1683,-0.9882560188,0.9882560188,1683,1683
Probabilistic Counting,L=4,streaming,50,10000000,174264,100000,21041998,1743,20,0,0,nan,0,-1723,1723,-0.9885255307,0.9885255307,1723,1723
Probabilistic Counting,L=4,streaming,50,10000000,178344,100000,21041998,1784,20,0,0,nan,0,-1764,1764,-0.9887892377,0.9887892377,1764,1764
Probabilistic Counting,L=4,streaming,50,10000000,186792,100000,21041998,1868,20,0,0,nan,0,-1848,1848,-0.9892933619,0.9892933619,1848,1848
Probabilistic Counting,L=4,streaming,50,10000000,191165,100000,21041998,1912,20,0,0,nan,0,-1892,1892,-0.989539749,0.989539749,1892,1892
Probabilistic Counting,L=4,streaming,50,10000000,195640,100000,21041998,1957,20,0,0,nan,0,-1937,1937,-0.9897802759,0.9897802759,1937,1937
Probabilistic Counting,L=4,streaming,50,10000000,204908,100000,21041998,2050,20,0,0,nan,0,-2030,2030,-0.9902439024,0.9902439024,2030,2030
Probabilistic Counting,L=4,streaming,50,10000000,209705,100000,21041998,2098,20,0,0,nan,0,-2078,2078,-0.9904671115,0.9904671115,2078,2078
Probabilistic Counting,L=4,streaming,50,10000000,214615,100000,21041998,2147,20,0,0,nan,0,-2127,2127,-0.9906846763,0.9906846763,2127,2127
Probabilistic Counting,L=4,streaming,50,10000000,219639,100000,21041998,2197,20,0,0,nan,0,-2177,2177,-0.9908966773,0.9908966773,2177,2177
Probabilistic Counting,L=4,streaming,50,10000000,230044,100000,21041998,2301,20,0,0,nan,0,-2281,2281,-0.9913081269,0.9913081269,2281,2281
Probabilistic Counting,L=4,streaming,50,10000000,235429,100000,21041998,2355,20,0,0,nan,0,-2335,2335,-0.991507431,0.991507431,2335,2335
Probabilistic Counting,L=4,streaming,50,10000000,240941,100000,21041998,2410,20,0,0,nan,0,-2390,2390,-0.9917012448,0.9917012448,2390,2390
Probabilistic Counting,L=4,streaming,50,10000000,252354,100000,21041998,2524,20,0,0,nan,0,-2504,2504,-0.9920760697,0.9920760697,2504,2504
Probabilistic Counting,L=4,streaming,50,10000000,258262,100000,21041998,2583,20,0,0,nan,0,-2563,2563,-0.9922570654,0.9922570654,2563,2563
Probabilistic Counting,L=4,streaming,50,10000000,264309,100000,21041998,2644,20,0,0,nan,0,-2624,2624,-0.9924357035,0.9924357035,2624,2624
Probabilistic Counting,L=4,streaming,50,10000000,276829,100000,21041998,2769,20,0,0,nan,0,-2749,2749,-0.9927771759,0.9927771759,2749,2749
Probabilistic Counting,L=4,streaming,50,10000000,283310,100000,21041998,2834,20,0,0,nan,0,-2814,2814,-0.992942837,0.992942837,2814,2814
Probabilistic Counting,L=4,streaming,50,10000000,289943,100000,21041998,2900,20,0,0,nan,0,-2880,2880,-0.9931034483,0.9931034483,2880,2880
Probabilistic Counting,L=4,streaming,50,10000000,303678,100000,21041998,3037,20,0,0,nan,0,-3017,3017,-0.9934145538,0.9934145538,3017,3017
Probabilistic Counting,L=4,streaming,50,10000000,310787,100000,21041998,3108,20,0,0,nan,0,-3088,3088,-0.9935649936,0.9935649936,3088,3088
Probabilistic Counting,L=4,streaming,50,10000000,318063,100000,21041998,3181,20,0,0,nan,0,-3161,3161,-0.993712669,0.993712669,3161,3161
Probabilistic Counting,L=4,streaming,50,10000000,333130,100000,21041998,3332,20,0,0,nan,0,-3312,3312,-0.993997599,0.993997599,3312,3312
Probabilistic Counting,L=4,streaming,50,10000000,340929,100000,21041998,3410,20,0,0,nan,0,-3390,3390,-0.9941348974,0.9941348974,3390,3390
Probabilistic Counting,L=4,streaming,50,10000000,348911,100000,21041998,3490,20,0,0,nan,0,-3470,3470,-0.994269341,0.994269341,3470,3470
Probabilistic Counting,L=4,streaming,50,10000000,365439,100000,21041998,3655,20,0,0,nan,0,-3635,3635,-0.9945280438,0.9945280438,3635,3635
Probabilistic Counting,L=4,streaming,50,10000000,373994,100000,21041998,3740,20,0,0,nan,0,-3720,3720,-0.9946524064,0.9946524064,3720,3720
Probabilistic Counting,L=4,streaming,50,10000000,382750,100000,21041998,3828,20,0,0,nan,0,-3808,3808,-0.9947753396,0.9947753396,3808,3808
Probabilistic Counting,L=4,streaming,50,10000000,400881,100000,21041998,4009,20,0,0,nan,0,-3989,3989,-0.9950112247,0.9950112247,3989,3989
Probabilistic Counting,L=4,streaming,50,10000000,410266,100000,21041998,4103,20,0,0,nan,0,-4083,4083,-0.9951255179,0.9951255179,4083,4083
Probabilistic Counting,L=4,streaming,50,10000000,419871,100000,21041998,4199,20,0,0,nan,0,-4179,4179,-0.9952369612,0.9952369612,4179,4179
Probabilistic Counting,L=4,streaming,50,10000000,439761,100000,21041998,4398,20,0,0,nan,0,-4378,4378,-0.9954524784,0.9954524784,4378,4378
Probabilistic Counting,L=4,streaming,50,10000000,450056,100000,21041998,4501,20,0,0,nan,0,-4481,4481,-0.995556543,0.995556543,4481,4481
Probabilistic Counting,L=4,streaming,50,10000000,460593,100000,21041998,4606,20,0,0,nan,0,-4586,4586,-0.9956578376,0.9956578376,4586,4586
Probabilistic Counting,L=4,streaming,50,10000000,482411,100000,21041998,4825,20,0,0,nan,0,-4805,4805,-0.9958549223,0.9958549223,4805,4805
Probabilistic Counting,L=4,streaming,50,10000000,493705,100000,21041998,4938,20,0,0,nan,0,-4918,4918,-0.9959497772,0.9959497772,4918,4918
Probabilistic Counting,L=4,streaming,50,10000000,505264,100000,21041998,5053,20,0,0,nan,0,-5033,5033,-0.9960419553,0.9960419553,5033,5033
Probabilistic Counting,L=4,streaming,50,10000000,529198,100000,21041998,5292,20,0,0,nan,0,-5272,5272,-0.9962207105,0.9962207105,5272,5272
Probabilistic Counting,L=4,streaming,50,10000000,541588,100000,21041998,5416,20,0,0,nan,0,-5396,5396,-0.9963072378,0.9963072378,5396,5396
Probabilistic Counting,L=4,streaming,50,10000000,554267,100000,21041998,5543,20,0,0,nan,0,-5523,5523,-0.9963918456,0.9963918456,5523,5523
Probabilistic Counting,L=4,streaming,50,10000000,580523,100000,21041998,5806,20,0,0,nan,0,-5786,5786,-0.9965552876,0.9965552876,5786,5786
Probabilistic Counting,L=4,streaming,50,10000000,594114,100000,21041998,5942,20,0,0,nan,0,-5922,5922,-0.9966341299,0.9966341299,5922,5922
Probabilistic Counting,L=4,streaming,50,10000000,608023,100000,21041998,6081,20,0,0,nan,0,-6061,6061,-0.9967110673,0.9967110673,6061,6061
Probabilistic Counting,L=4,streaming,50,10000000,636825,100000,21041998,6369,20,0,0,nan,0,-6349,6349,-0.9968597896,0.9968597896,6349,6349
Probabilistic Counting,L=4,streaming,50,10000000,651734,100000,21041998,6518,20,0,0,nan,0,-6498,6498,-0.9969315741,0.9969315741,6498,6498
Probabilistic Counting,L=4,streaming,50,10000000,666992,100000,21041998,6670,20,0,0,nan,0,-6650,6650,-0.9970014993,0.9970014993,6650,6650
Probabilistic Counting,L=4,streaming,50,10000000,698588,100000,21041998,6986,20,0,0,nan,0,-6966,6966,-0.9971371314,0.9971371314,6966,6966
Probabilistic Counting,L=4,streaming,50,10000000,714943,100000,21041998,7150,20,0,0,nan,0,-7130,7130,-0.9972027972,0.9972027972,7130,7130
Probabilistic Counting,L=4,streaming,50,10000000,731681,100000,21041998,7317,20,0,0,nan,0,-7297,7297,-0.9972666393,0.9972666393,7297,7297
Probabilistic Counting,L=4,streaming,50,10000000,766342,100000,21041998,7664,20,0,0,nan,0,-7644,7644,-0.9973903967,0.9973903967,7644,7644
Probabilistic Counting,L=4,streaming,50,10000000,784283,100000,21041998,7843,20,0,0,nan,0,-7823,7823,-0.9974499554,0.9974499554,7823,7823
Probabilistic Counting,L=4,streaming,50,10000000,802644,100000,21041998,8027,20,0,0,nan,0,-8007,8007,-0.9975084091,0.9975084091,8007,8007
Probabilistic Counting,L=4,streaming,50,10000000,840666,100000,21041998,8407,20,0,0,nan,0,-8387,8387,-0.9976210301,0.9976210301,8387,8387
Probabilistic Counting,L=4,streaming,50,10000000,860347,100000,21041998,8604,20,0,0,nan,0,-8584,8584,-0.9976754998,0.9976754998,8584,8584
Probabilistic Counting,L=4,streaming,50,10000000,880489,100000,21041998,8805,20,0,0,nan,0,-8785,8785,-0.9977285633,0.9977285633,8785,8785
Probabilistic Counting,L=4,streaming,50,10000000,922198,100000,21041998,9222,20,0,0,nan,0,-9202,9202,-0.997831273,0.997831273,9202,9202
Probabilistic Counting,L=4,streaming,50,10000000,943788,100000,21041998,9438,20,0,0,nan,0,-9418,9418,-0.997880907,0.997880907,9418,9418
Probabilistic Counting,L=4,streaming,50,10000000,965884,100000,21041998,9659,20,0,0,nan,0,-9639,9639,-0.9979293923,0.9979293923,9639,9639
Probabilistic Counting,L=4,streaming,50,10000000,1011638,100000,21041998,10117,20,0,0,nan,0,-10097,10097,-0.9980231294,0.9980231294,10097,10097
Probabilistic Counting,L=4,streaming,50,10000000,1035322,100000,21041998,10354,20,0,0,nan,0,-10334,10334,-0.9980683794,0.9980683794,10334,10334
Probabilistic Counting,L=4,streaming,50,10000000,1059561,100000,21041998,10596,20,0,0,nan,0,-10576,10576,-0.9981124953,0.9981124953,10576,10576
Probabilistic Counting,L=4,streaming,50,10000000,1084366,100000,21041998,10844,20,0,0,nan,0,-10824,10824,-0.9981556621,0.9981556621,10824,10824
Probabilistic Counting,L=4,streaming,50,10000000,1135734,100000,21041998,11358,20,0,0,nan,0,-11338,11338,-0.9982391266,0.9982391266,11338,11338
Probabilistic Counting,L=4,streaming,50,10000000,1162323,100000,21041998,11624,20,0,0,nan,0,-11604,11604,-0.9982794219,0.9982794219,11604,11604
Probabilistic Counting,L=4,streaming,50,10000000,1189535,100000,21041998,11896,20,0,0,nan,0,-11876,11876,-0.9983187626,0.9983187626,11876,11876
Probabilistic Counting,L=4,streaming,50,10000000,1245884,100000,21041998,12459,20,0,0,nan,0,-12439,12439,-0.9983947347,0.9983947347,12439,12439
Probabilistic Counting,L=4,streaming,50,10000000,1275052,100000,21041998,12751,20,0,0,nan,0,-12731,12731,-0.9984314956,0.9984314956,12731,12731
Probabilistic Counting,L=4,streaming,50,10000000,1304902,100000,21041998,13050,20,0,0,nan,0,-13030,13030,-0.998467433,0.998467433,13030,13030
Probabilistic Counting,L=4,streaming,50,10000000,1366717,100000,21041998,13668,20,0,0,nan,0,-13648,13648,-0.9985367281,0.9985367281,13648,13648
Probabilistic Counting,L=4,streaming,50,10000000,1398714,100000,21041998,13988,20,0,0,nan,0,-13968,13968,-0.998570203,0.998570203,13968,13968
Probabilistic Counting,L=4,streaming,50,10000000,1431459,100000,21041998,14315,20,0,0,nan,0,-14295,14295,-0.9986028641,0.9986028641,14295,14295
Probabilistic Counting,L=4,streaming,50,10000000,1499269,100000,21041998,14993,20,0,0,nan,0,-14973,14973,-0.9986660442,0.9986660442,14973,14973
Probabilistic Counting,L=4,streaming,50,10000000,1534369,100000,21041998,15344,20,0,0,nan,0,-15324,15324,-0.9986965589,0.9986965589,15324,15324
Probabilistic Counting,L=4,streaming,50,10000000,1570291,100000,21041998,15703,20,0,0,nan,0,-15683,15683,-0.998726358,0.998726358,15683,15683
Probabilistic Counting,L=4,streaming,50,10000000,1644677,100000,21041998,16447,20,0,0,nan,0,-16427,16427,-0.9987839728,0.9987839728,16427,16427
Probabilistic Counting,L=4,streaming,50,10000000,1683181,100000,21041998,16832,20,0,0,nan,0,-16812,16812,-0.9988117871,0.9988117871,16812,16812
Probabilistic Counting,L=4,streaming,50,10000000,1722586,100000,21041998,17226,20,0,0,nan,0,-17206,17206,-0.9988389644,0.9988389644,17206,17206
Probabilistic Counting,L=4,streaming,50,10000000,1804187,100000,21041998,18042,20,0,0,nan,0,-18022,18022,-0.9988914754,0.9988914754,18022,18022
Probabilistic Counting,L=4,streaming,50,10000000,1846425,100000,21041998,18465,20,0,0,nan,0,-18445,18445,-0.9989168698,0.9989168698,18445,18445
Probabilistic Counting,L=4,streaming,50,10000000,1889653,100000,21041998,18897,20,0,0,nan,0,-18877,18877,-0.9989416309,0.9989416309,18877,18877
Probabilistic Counting,L=4,streaming,50,10000000,1979167,100000,21041998,19792,20,0,0,nan,0,-19772,19772,-0.9989894907,0.9989894907,19772,19772
Probabilistic Counting,L=4,streaming,50,10000000,2025502,100000,21041998,20256,20,0,0,nan,0,-20236,20236,-0.9990126382,0.9990126382,20236,20236
Probabilistic Counting,L=4,streaming,50,10000000,2072922,100000,21041998,20730,20,0,0,nan,0,-20710,20710,-0.9990352147,0.9990352147,20710,20710
Probabilistic Counting,L=4,streaming,50,10000000,2171118,100000,21041998,21712,20,0,0,nan,0,-21692,21692,-0.9990788504,0.9990788504,21692,21692
Probabilistic Counting,L=4,streaming,50,10000000,2221947,100000,21041998,22220,20,0,0,nan,0,-22200,22200,-0.99909991,0.99909991,22200,22200
Probabilistic Counting,L=4,streaming,50,10000000,2273966,100000,21041998,22740,20,0,0,nan,0,-22720,22720,-0.9991204925,0.9991204925,22720,22720
Probabilistic Counting,L=4,streaming,50,10000000,2381686,100000,21041998,23817,20,0,0,nan,0,-23797,23797,-0.9991602637,0.9991602637,23797,23797
Probabilistic Counting,L=4,streaming,50,10000000,2437445,100000,21041998,24375,20,0,0,nan,0,-24355,24355,-0.9991794872,0.9991794872,24355,24355
Probabilistic Counting,L=4,streaming,50,10000000,2494509,100000,21041998,24946,20,0,0,nan,0,-24926,24926,-0.9991982683,0.9991982683,24926,24926
Probabilistic Counting,L=4,streaming,50,10000000,2612676,100000,21041998,26127,20,0,0,nan,0,-26107,26107,-0.9992345084,0.9992345084,26107,26107
Probabilistic Counting,L=4,streaming,50,10000000,2673842,100000,21041998,26739,20,0,0,nan,0,-26719,26719,-0.9992520289,0.9992520289,26719,26719
Probabilistic Counting,L=4,streaming,50,10000000,2736440,100000,21041998,27365,20,0,0,nan,0,-27345,27345,-0.9992691394,0.9992691394,27345,27345
Probabilistic Counting,L=4,streaming,50,10000000,2866068,100000,21041998,28661,20,0,0,nan,0,-28641,28641,-0.9993021876,0.9993021876,28641,28641
Probabilistic Counting,L=4,streaming,50,10000000,2933167,100000,21041998,29332,20,0,0,nan,0,-29312,29312,-0.9993181508,0.9993181508,29312,29312
Probabilistic Counting,L=4,streaming,50,10000000,3001836,100000,21041998,30019,20,0,0,nan,0,-29999,29999,-0.9993337553,0.9993337553,29999,29999
Probabilistic Counting,L=4,streaming,50,10000000,3144036,100000,21041998,31441,20,0,0,nan,0,-31421,31421,-0.9993638879,0.9993638879,31421,31421
Probabilistic Counting,L=4,streaming,50,10000000,3217642,100000,21041998,32177,20,0,0,nan,0,-32157,32157,-0.999378438,0.999378438,32157,32157
Probabilistic Counting,L=4,streaming,50,10000000,3292972,100000,21041998,32930,20,0,0,nan,0,-32910,32910,-0.9993926511,0.9993926511,32910,32910
Probabilistic Counting,L=4,streaming,50,10000000,3448963,100000,21041998,34490,20,0,0,nan,0,-34470,34470,-0.9994201218,0.9994201218,34470,34470
Probabilistic Counting,L=4,streaming,50,10000000,3529708,100000,21041998,35298,20,0,0,nan,0,-35278,35278,-0.9994333957,0.9994333957,35278,35278
Probabilistic Counting,L=4,streaming,50,10000000,3612343,100000,21041998,36124,20,0,0,nan,0,-36104,36104,-0.9994463515,0.9994463515,36104,36104
Probabilistic Counting,L=4,streaming,50,10000000,3783463,100000,21041998,37835,20,0,0,nan,0,-37815,37815,-0.9994713889,0.9994713889,37815,37815
Probabilistic Counting,L=4,streaming,50,10000000,3872039,100000,21041998,38721,20,0,0,nan,0,-38701,38701,-0.9994834844,0.9994834844,38701,38701
Probabilistic Counting,L=4,streaming,50,10000000,3962689,100000,21041998,39627,20,0,0,nan,0,-39607,39607,-0.9994952936,0.9994952936,39607,39607
Probabilistic Counting,L=4,streaming,50,10000000,4150405,100000,21041998,41505,20,0,0,nan,0,-41485,41485,-0.9995181303,0.9995181303,41485,41485
Probabilistic Counting,L=4,streaming,50,10000000,4247572,100000,21041998,42476,20,0,0,nan,0,-42456,42456,-0.9995291459,0.9995291459,42456,42456
Probabilistic Counting,L=4,streaming,50,10000000,4347014,100000,21041998,43471,20,0,0,nan,0,-43451,43451,-0.9995399232,0.9995399232,43451,43451
Probabilistic Counting,L=4,streaming,50,10000000,4552936,100000,21041998,45530,20,0,0,nan,0,-45510,45510,-0.9995607292,0.9995607292,45510,45510
Probabilistic Counting,L=4,streaming,50,10000000,4659526,100000,21041998,46596,20,0,0,nan,0,-46576,46576,-0.9995707786,0.9995707786,46576,46576
Probabilistic Counting,L=4,streaming,50,10000000,4768612,100000,21041998,47687,20,0,0,nan,0,-47667,47667,-0.9995805985,0.9995805985,47667,47667
Probabilistic Counting,L=4,streaming,50,10000000,4880252,100000,21041998,48803,20,0,0,nan,0,-48783,48783,-0.9995901891,0.9995901891,48783,48783
Probabilistic Counting,L=4,streaming,50,10000000,5111434,100000,21041998,51115,20,0,0,nan,0,-51095,51095,-0.9996087254,0.9996087254,51095,51095
Probabilistic Counting,L=4,streaming,50,10000000,5231100,100000,21041998,52311,20,0,0,nan,0,-52291,52291,-0.9996176712,0.9996176712,52291,52291
Probabilistic Counting,L=4,streaming,50,10000000,5353567,100000,21041998,53536,20,0,0,nan,0,-53516,53516,-0.9996264196,0.9996264196,53516,53516
Probabilistic Counting,L=4,streaming,50,10000000,5607170,100000,21041998,56072,20,0,0,nan,0,-56052,56052,-0.9996433157,0.9996433157,56052,56052
Probabilistic Counting,L=4,streaming,50,10000000,5738442,100000,21041998,57385,20,0,0,nan,0,-57365,57365,-0.9996514769,0.9996514769,57365,57365
Probabilistic Counting,L=4,streaming,50,10000000,5872787,100000,21041998,58728,20,0,0,nan,0,-58708,58708,-0.9996594469,0.9996594469,58708,58708
Probabilistic Counting,L=4,streaming,50,10000000,6150986,100000,21041998,61510,20,0,0,nan,0,-61490,61490,-0.9996748496,0.9996748496,61490,61490
Probabilistic Counting,L=4,streaming,50,10000000,6294989,100000,21041998,62950,20,0,0,nan,0,-62930,62930,-0.9996822875,0.9996822875,62930,62930
Probabilistic Counting,L=4,streaming,50,10000000,6442364,100000,21041998,64424,20,0,0,nan,0,-64404,64404,-0.9996895567,0.9996895567,64404,64404
Probabilistic Counting,L=4,streaming,50,10000000,6747545,100000,21041998,67476,20,0,0,nan,0,-67456,67456,-0.9997035983,0.9997035983,67456,67456
Probabilistic Counting,L=4,streaming,50,10000000,6905514,100000,21041998,69056,20,0,0,nan,0,-69036,69036,-0.99971038,0.99971038,69036,69036
Probabilistic Counting,L=4,streaming,50,10000000,7067182,100000,21041998,70672,20,0,0,nan,0,-70652,70652,-0.9997170025,0.9997170025,70652,70652
Probabilistic Counting,L=4,streaming,50,10000000,7401960,100000,21041998,74020,20,0,0,nan,0,-74000,74000,-0.9997298028,0.9997298028,74000,74000
Probabilistic Counting,L=4,streaming,50,10000000,7575251,100000,21041998,75753,20,0,0,nan,0,-75733,75733,-0.9997359841,0.9997359841,75733,75733
Probabilistic Counting,L=4,streaming,50,10000000,7752598,100000,21041998,77526,20,0,0,nan,0,-77506,77506,-0.999742022,0.999742022,77506,77506
Probabilistic Counting,L=4,streaming,50,10000000,8119845,100000,21041998,81199,20,0,0,nan,0,-81179,81179,-0.9997536915,0.9997536915,81179,81179
Probabilistic Counting,L=4,streaming,50,10000000,8309942,100000,21041998,83100,20,0,0,nan,0,-83080,83080,-0.9997593261,0.9997593261,83080,83080
Probabilistic Counting,L=4,streaming,50,10000000,8504490,100000,21041998,85045,20,0,0,nan,0,-85025,85025,-0.9997648304,0.9997648304,85025,85025
Probabilistic Counting,L=4,streaming,50,10000000,8907355,100000,21041998,89074,20,0,0,nan,0,-89054,89054,-0.9997754676,0.9997754676,89054,89054
Probabilistic Counting,L=4,streaming,50,10000000,9115889,100000,21041998,91159,20,0,0,nan,0,-91139,91139,-0.9997806031,0.9997806031,91139,91139
Probabilistic Counting,L=4,streaming,50,10000000,9329305,100000,21041998,93294,20,0,0,nan,0,-93274,93274,-0.9997856239,0.9997856239,93274,93274
Probabilistic Counting,L=4,streaming,50,10000000,9771242,100000,21041998,97713,20,0,0,nan,0,-97693,97693,-0.9997953189,0.9997953189,97693,97693
Probabilistic Counting,L=4,streaming,50,10000000,10000000,100000,21041998,100000,20,0,0,nan,0,-99980,99980,-0.9998,0.9998,99980,99980
Probabilistic Counting,L=4,streaming,50,10000000,1,1000000,21041998,1,1.4,0.2448979592,0.4948716593,nan,0.4948716593,0.4,0.4,0.4,0.4,0.632455532,0.4
Probabilistic Counting,L=4,streaming,50,10000000,1539,1000000,21041998,154,20,0,0,nan,0,-134,134,-0.8701298701,0.8701298701,134,134
Probabilistic Counting,L=4,streaming,50,10000000,4616,1000000,21041998,462,20,0,0,nan,0,-442,442,-0.9567099567,0.9567099567,442,442
Probabilistic Counting,L=4,streaming,50,10000000,6154,1000000,21041998,616,20,0,0,nan,0,-596,596,-0.9675324675,0.9675324675,596,596
Probabilistic Counting,L=4,streaming,50,10000000,7693,1000000,21041998,770,20,0,0,nan,0,-750,750,-0.974025974,0.974025974,750,750
Probabilistic Counting,L=4,streaming,50,10000000,10770,1000000,21041998,1077,20,0,0,nan,0,-1057,1057,-0.9814298979,0.9814298979,1057,1057
Probabilistic Counting,L=4,streaming,50,10000000,12308,1000000,21041998,1231,20,0,0,nan,0,-1211,1211,-0.9837530463,0.9837530463,1211,1211
Probabilistic Counting,L=4,streaming,50,10000000,13847,1000000,21041998,1385,20,0,0,nan,0,-1365,1365,-0.9855595668,0.9855595668,1365,1365
Probabilistic Counting,L=4,streaming,50,10000000,16923,1000000,21041998,1693,20,0,0,nan,0,-1673,1673,-0.9881866509,0.9881866509,1673,1673
Probabilistic Counting,L=4,streaming,50,10000000,18462,1000000,21041998,1847,20,0,0,nan,0,-1827,1827,-0.9891716297,0.9891716297,1827,1827
Probabilistic Counting,L=4,streaming,50,10000000,20000,1000000,21041998,2000,20,0,0,nan,0,-1980,1980,-0.99,0.99,1980,1980
Probabilistic Counting,L=4,streaming,50,10000000,23077,1000000,21041998,2308,20,0,0,nan,0,-2288,2288,-0.9913344887,0.9913344887,2288,2288
Probabilistic Counting,L=4,streaming,50,10000000,24616,1000000,21041998,2462,20,0,0,nan,0,-2442,2442,-0.9918765232,0.9918765232,2442,2442
Probabilistic Counting,L=4,streaming,50,10000000,26154,1000000,21041998,2616,20,0,0,nan,0,-2596,2596,-0.9923547401,0.9923547401,2596,2596
Probabilistic Counting,L=4,streaming,50,10000000,29231,1000000,21041998,2924,20,0,0,nan,0,-2904,2904,-0.9931600547,0.9931600547,2904,2904
Probabilistic Counting,L=4,streaming,50,10000000,30769,1000000,21041998,3077,20,0,0,nan,0,-3057,3057,-0.9935001625,0.9935001625,3057,3057
Probabilistic Counting,L=4,streaming,50,10000000,32308,1000000,21041998,3231,20,0,0,nan,0,-3211,3211,-0.993809966,0.993809966,3211,3211
Probabilistic Counting,L=4,streaming,50,10000000,35385,1000000,21041998,3539,20,0,0,nan,0,-3519,3519,-0.9943486861,0.9943486861,3519,3519
Probabilistic Counting,L=4,streaming,50,10000000,36923,1000000,21041998,3693,20,0,0,nan,0,-3673,3673,-0.9945843488,0.9945843488,3673,3673
Probabilistic Counting,L=4,streaming,50,10000000,38462,1000000,21041998,3847,20,0,0,nan,0,-3827,3827,-0.9948011437,0.9948011437,3827,3827
Probabilistic Counting,L=4,streaming,50,10000000,41539,1000000,21041998,4154,20,0,0,nan,0,-4134,4134,-0.9951853635,0.9951853635,4134,4134
Probabilistic Counting,L=4,streaming,50,10000000,43077,1000000,21041998,4308,20,0,0,nan,0,-4288,4288,-0.9953574745,0.9953574745,4288,4288
Probabilistic Counting,L=4,streaming,50,10000000,44615,1000000,21041998,4462,20,0,0,nan,0,-4442,4442,-0.9955177051,0.9955177051,4442,4442
Probabilistic Counting,L=4,streaming,50,10000000,47692,1000000,21041998,4770,20,0,0,nan,0,-4750,4750,-0.9958071279,0.9958071279,4750,4750
Probabilistic Counting,L=4,streaming,50,10000000,49231,1000000,21041998,4924,20,0,0,nan,0,-4904,4904,-0.9959382616,0.9959382616,4904,4904
Probabilistic Counting,L=4,streaming,50,10000000,50769,1000000,21041998,5077,20,0,0,nan,0,-5057,5057,-0.9960606657,0.9960606657,5057,5057
Probabilistic Counting,L=4,streaming,50,10000000,52308,1000000,21041998,5231,20,0,0,nan,0,-5211,5211,-0.9961766393,0.9961766393,5211,5211
Probabilistic Counting,L=4,streaming,50,10000000,55385,1000000,21041998,5539,20,0,0,nan,0,-5519,5519,-0.9963892399,0.9963892399,5519,5519
Probabilistic Counting,L=4,streaming,50,10000000,56923,1000000,21041998,5693,20,0,0,nan,0,-5673,5673,-0.9964869138,0.9964869138,5673,5673
Probabilistic Counting,L=4,streaming,50,10000000,58461,1000000,21041998,5847,20,0,0,nan,0,-5827,5827,-0.9965794424,0.9965794424,5827,5827
Probabilistic Counting,L=4,streaming,50,10000000,61538,1000000,21041998,6154,20,0,0,nan,0,-6134,6134,-0.9967500812,0.9967500812,6134,6134
Probabilistic Counting,L=4,streaming,50,10000000,63077,1000000,21041998,6308,20,0,0,nan,0,-6288,6288,-0.996829423,0.996829423,6288,6288
Probabilistic Counting,L=4,streaming,50,10000000,64615,1000000,21041998,6462,20,0,0,nan,0,-6442,6442,-0.996904983,0.996904983,6442,6442
Probabilistic Counting,L=4,streaming,50,10000000,67692,1000000,21041998,6770,20,0,0,nan,0,-6750,6750,-0.9970457903,0.9970457903,6750,6750
Probabilistic Counting,L=4,streaming,50,10000000,69231,1000000,21041998,6924,20,0,0,nan,0,-6904,6904,-0.9971114962,0.9971114962,6904,6904
Probabilistic Counting,L=4,streaming,50,10000000,70769,1000000,21041998,7077,20,0,0,nan,0,-7057,7057,-0.9971739438,0.9971739438,7057,7057
Probabilistic Counting,L=4,streaming,50,10000000,73846,1000000,21041998,7385,20,0,0,nan,0,-7365,7365,-0.9972918077,0.9972918077,7365,7365
Probabilistic Counting,L=4,streaming,50,10000000,75384,1000000,21041998,7539,20,0,0,nan,0,-7519,7519,-0.9973471283,0.9973471283,7519,7519
Probabilistic Counting,L=4,streaming,50,10000000,76923,1000000,21041998,7693,20,0,0,nan,0,-7673,7673,-0.997400234,0.997400234,7673,7673
Probabilistic Counting,L=4,streaming,50,10000000,80000,1000000,21041998,8000,20,0,0,nan,0,-7980,7980,-0.9975,0.9975,7980,7980
Probabilistic Counting,L=4,streaming,50,10000000,81538,1000000,21041998,8154,20,0,0,nan,0,-8134,8134,-0.9975472161,0.9975472161,8134,8134
Probabilistic Counting,L=4,streaming,50,10000000,83077,1000000,21041998,8308,20,0,0,nan,0,-8288,8288,-0.9975926818,0.9975926818,8288,8288
Probabilistic Counting,L=4,streaming,50,10000000,86153,1000000,21041998,8616,20,0,0,nan,0,-8596,8596,-0.9976787372,0.9976787372,8596,8596
Probabilistic Counting,L=4,streaming,50,10000000,87692,1000000,21041998,8770,20,0,0,nan,0,-8750,8750,-0.9977194983,0.9977194983,8750,8750
Probabilistic Counting,L=4,streaming,50,10000000,89230,1000000,21041998,8923,20,0,0,nan,0,-8903,8903,-0.9977586014,0.9977586014,8903,8903
Probabilistic Counting,L=4,streaming,50,10000000,92307,1000000,21041998,9231,20,0,0,nan,0,-9211,9211,-0.9978333875,0.9978333875,9211,9211
Probabilistic Counting,L=4,streaming,50,10000000,93846,1000000,21041998,9385,20,0,0,nan,0,-9365,9365,-0.9978689398,0.9978689398,9365,9365
Probabilistic Counting,L=4,streaming,50,10000000,95384,1000000,21041998,9539,20,0,0,nan,0,-9519,9519,-0.9979033442,0.9979033442,9519,9519
Probabilistic Counting,L=4,streaming,50,10000000,98461,1000000,21041998,9847,20,0,0,nan,0,-9827,9827,-0.9979689245,0.9979689245,9827,9827
Probabilistic Counting,L=4,streaming,50,10000000,100000,1000000,21041998,10000,20,0,0,nan,0,-9980,9980,-0.998,0.998,9980,9980
Probabilistic Counting,L=4,streaming,50,10000000,102342,1000000,21041998,10235,20,0,0,nan,0,-10215,10215,-0.9980459209,0.9980459209,10215,10215
Probabilistic Counting,L=4,streaming,50,10000000,107190,1000000,21041998,10719,20,0,0,nan,0,-10699,10699,-0.9981341543,0.9981341543,10699,10699
Probabilistic Counting,L=4,streaming,50,10000000,109699,1000000,21041998,10970,20,0,0,nan,0,-10950,10950,-0.9981768459,0.9981768459,10950,10950
Probabilistic Counting,L=4,streaming,50,10000000,112267,1000000,21041998,11227,20,0,0,nan,0,-11207,11207,-0.9982185802,0.9982185802,11207,11207
Probabilistic Counting,L=4,streaming,50,10000000,117585,1000000,21041998,11759,20,0,0,nan,0,-11739,11739,-0.9982991751,0.9982991751,11739,11739
Probabilistic Counting,L=4,streaming,50,10000000,120338,1000000,21041998,12034,20,0,0,nan,0,-12014,12014,-0.9983380422,0.9983380422,12014,12014
Probabilistic Counting,L=4,streaming,50,10000000,123156,1000000,21041998,12316,20,0,0,nan,0,-12296,12296,-0.9983760961,0.9983760961,12296,12296
Probabilistic Counting,L=4,streaming,50,10000000,128990,1000000,21041998,12899,20,0,0,nan,0,-12879,12879,-0.9984494922,0.9984494922,12879,12879
Probabilistic Counting,L=4,streaming,50,10000000,132009,1000000,21041998,13201,20,0,0,nan,0,-13181,13181,-0.9984849633,0.9984849633,13181,13181
Probabilistic Counting,L=4,streaming,50,10000000,135100,1000000,21041998,13510,20,0,0,nan,0,-13490,13490,-0.9985196151,0.9985196151,13490,13490
Probabilistic Counting,L=4,streaming,50,10000000,141500,1000000,21041998,14150,20,0,0,nan,0,-14130,14130,-0.9985865724,0.9985865724,14130,14130
Probabilistic Counting,L=4,streaming,50,10000000,144812,1000000,21041998,14482,20,0,0,nan,0,-14462,14462,-0.9986189753,0.9986189753,14462,14462
Probabilistic Counting,L=4,streaming,50,10000000,148203,1000000,21041998,14821,20,0,0,nan,0,-14801,14801,-0.9986505634,0.9986505634,14801,14801
Probabilistic Counting,L=4,streaming,50,10000000,155223,1000000,21041998,15523,20,0,0,nan,0,-15503,15503,-0.9987115893,0.9987115893,15503,15503
Probabilistic Counting,L=4,streaming,50,10000000,158857,1000000,21041998,15886,20,0,0,nan,0,-15866,15866,-0.9987410298,0.9987410298,15866,15866
Probabilistic Counting,L=4,streaming,50,10000000,162576,1000000,21041998,16258,20,0,0,nan,0,-16238,16238,-0.9987698364,0.9987698364,16238,16238
Probabilistic Counting,L=4,streaming,50,10000000,170277,1000000,21041998,17028,20,0,0,nan,0,-17008,17008,-0.9988254639,0.9988254639,17008,17008
Probabilistic Counting,L=4,streaming,50,10000000,174264,1000000,21041998,17427,20,0,0,nan,0,-17407,17407,-0.9988523555,0.9988523555,17407,17407
Probabilistic Counting,L=4,streaming,50,10000000,178344,1000000,21041998,17835,20,0,0,nan,0,-17815,17815,-0.9988786095,0.9988786095,17815,17815
Probabilistic Counting,L=4,streaming,50,10000000,186792,1000000,21041998,18680,20,0,0,nan,0,-18660,18660,-0.9989293362,0.9989293362,18660,18660
Probabilistic Counting,L=4,streaming,50,10000000,191165,1000000,21041998,19117,20,0,0,nan,0,-19097,19097,-0.9989538107,0.9989538107,19097,19097
Probabilistic Counting,L=4,streaming,50,10000000,195640,1000000,21041998,19564,20,0,0,nan,0,-19544,19544,-0.9989777142,0.9989777142,19544,19544
Probabilistic Counting,L=4,streaming,50,10000000,204908,1000000,21041998,20491,20,0,0,nan,0,-20471,20471,-0.9990239617,0.9990239617,20471,20471
Probabilistic Counting,L=4,streaming,50,10000000,209705,1000000,21041998,20971,20,0,0,nan,0,-20951,20951,-0.999046302,0.999046302,20951,20951
Probabilistic Counting,L=4,streaming,50,10000000,214615,1000000,21041998,21462,20,0,0,nan,0,-21442,21442,-0.9990681204,0.9990681204,21442,21442
Probabilistic Counting,L=4,streaming,50,10000000,219639,1000000,21041998,21964,20,0,0,nan,0,-21944,21944,-0.999089419,0.999089419,21944,21944
Probabilistic Counting,L=4,streaming,50,10000000,230044,1000000,21041998,23005,20,0,0,nan,0,-22985,22985,-0.9991306238,0.9991306238,22985,22985
Probabilistic Counting,L=4,streaming,50,10000000,235429,1000000,21041998,23543,20,0,0,nan,0,-23523,23523,-0.9991504906,0.9991504906,23523,23523
Probabilistic Counting,L=4,streaming,50,10000000,240941,1000000,21041998,24095,20,0,0,nan,0,-24075,24075,-0.9991699523,0.9991699523,24075,24075
Probabilistic Counting,L=4,streaming,50,10000000,252354,1000000,21041998,25236,20,0,0,nan,0,-25216,25216,-0.9992074814,0.9992074814,25216,25216
Probabilistic Counting,L=4,streaming,50,10000000,258262,1000000,21041998,25827,20,0,0,nan,0,-25807,25807,-0.9992256166,0.9992256166,25807,25807
Probabilistic Counting,L=4,streaming,50,10000000,264309,1000000,21041998,26431,20,0,0,nan,0,-26411,26411,-0.9992433128,0.9992433128,26411,26411
Probabilistic Counting,L=4,streaming,50,10000000,276829,1000000,21041998,27683,20,0,0,nan,0,-27663,27663,-0.9992775349,0.9992775349,27663,27663
Probabilistic Counting,L=4,streaming,50,10000000,283310,1000000,21041998,28331,20,0,0,nan,0,-28311,28311,-0.9992940595,0.9992940595,28311,28311
Probabilistic Counting,L=4,streaming,50,10000000,289943,1000000,21041998,28995,20,0,0,nan,0,-28975,28975,-0.9993102259,0.9993102259,28975,28975
Probabilistic Counting,L=4,streaming,50,10000000,303678,1000000,21041998,30368,20,0,0,nan,0,-30348,30348,-0.999341412,0.999341412,30348,30348
Probabilistic Counting,L=4,streaming,50,10000000,310787,1000000,21041998,31079,20,0,0,nan,0,-31059,31059,-0.9993564787,0.9993564787,31059,31059
Probabilistic Counting,L=4,streaming,50,10000000,318063,1000000,21041998,31807,20,0,0,nan,0,-31787,31787,-0.9993712076,0.9993712076,31787,31787
Probabilistic Counting,L=4,streaming,50,10000000,333130,1000000,21041998,33313,20,0,0,nan,0,-33293,33293,-0.9993996338,0.9993996338,33293,33293
Probabilistic Counting,L=4,streaming,50,10000000,340929,1000000,21041998,34093,20,0,0,nan,0,-34073,34073,-0.9994133693,0.9994133693,34073,34073
Probabilistic Counting,L=4,streaming,50,10000000,348911,1000000,21041998,34892,20,0,0,nan,0,-34872,34872,-0.9994268027,0.9994268027,34872,34872
Probabilistic Counting,L=4,streaming,50,10000000,365439,1000000,21041998,36544,20,0,0,nan,0,-36524,36524,-0.9994527145,0.9994527145,36524,36524
Probabilistic Counting,L=4,streaming,50,10000000,373994,1000000,21041998,37400,20,0,0,nan,0,-37380,37380,-0.9994652406,0.9994652406,37380,37380
Probabilistic Counting,L=4,streaming,50,10000000,382750,1000000,21041998,38275,20,0,0,nan,0,-38255,38255,-0.9994774657,0.9994774657,38255,38255
Probabilistic Counting,L=4,streaming,50,10000000,400881,1000000,21041998,40089,20,0,0,nan,0,-40069,40069,-0.99950111,0.99950111,40069,40069
Probabilistic Counting,L=4,streaming,50,10000000,410266,1000000,21041998,41027,20,0,0,nan,0,-41007,41007,-0.9995125161,0.9995125161,41007,41007
Probabilistic Counting,L=4,streaming,50,10000000,419871,1000000,21041998,41988,20,0,0,nan,0,-41968,41968,-0.9995236734,0.9995236734,41968,41968
Probabilistic Counting,L=4,streaming,50,10000000,439761,1000000,21041998,43977,20,0,0,nan,0,-43957,43957,-0.9995452168,0.9995452168,43957,43957
Probabilistic Counting,L=4,streaming,50,10000000,450056,1000000,21041998,45006,20,0,0,nan,0,-44986,44986,-0.9995556148,0.9995556148,44986,44986
Probabilistic Counting,L=4,streaming,50,10000000,460593,1000000,21041998,46060,20,0,0,nan,0,-46040,46040,-0.9995657838,0.9995657838,46040,46040
Probabilistic Counting,L=4,streaming,50,10000000,482411,1000000,21041998,48242,20,0,0,nan,0,-48222,48222,-0.9995854235,0.9995854235,48222,48222
Probabilistic Counting,L=4,streaming,50,10000000,493705,1000000,21041998,49371,20,0,0,nan,0,-49351,49351,-0.9995949039,0.9995949039,49351,49351
Probabilistic Counting,L=4,streaming,50,10000000,505264,1000000,21041998,50527,20,0,0,nan,0,-50507,50507,-0.999604172,0.999604172,50507,50507
Probabilistic Counting,L=4,streaming,50,10000000,529198,1000000,21041998,52920,20,0,0,nan,0,-52900,52900,-0.9996220711,0.9996220711,52900,52900
Probabilistic Counting,L=4,streaming,50,10000000,541588,1000000,21041998,54159,20,0,0,nan,0,-54139,54139,-0.999630717,0.999630717,54139,54139
Probabilistic Counting,L=4,streaming,50,10000000,554267,1000000,21041998,55427,20,0,0,nan,0,-55407,55407,-0.999639165,0.999639165,55407,55407
Probabilistic Counting,L=4,streaming,50,10000000,580523,1000000,21041998,58053,20,0,0,nan,0,-58033,58033,-0.9996554872,0.9996554872,58033,58033
Probabilistic Counting,L=4,streaming,50,10000000,594114,1000000,21041998,59412,20,0,0,nan,0,-59392,59392,-0.9996633677,0.9996633677,59392,59392
Probabilistic Counting,L=4,streaming,50,10000000,608023,1000000,21041998,60803,20,0,0,nan,0,-60783,60783,-0.9996710689,0.9996710689,60783,60783
Probabilistic Counting,L=4,streaming,50,10000000,636825,1000000,21041998,63683,20,0,0,nan,0,-63663,63663,-0.9996859444,0.9996859444,63663,63663
Probabilistic Counting,L=4,streaming,50,10000000,651734,1000000,21041998,65174,20,0,0,nan,0,-65154,65154,-0.9996931292,0.9996931292,65154,65154
Probabilistic Counting,L=4,streaming,50,10000000,666992,1000000,21041998,66700,20,0,0,nan,0,-66680,66680,-0.9997001499,0.9997001499,66680,66680
Probabilistic Counting,L=4,streaming,50,10000000,698588,1000000,21041998,69859,20,0,0,nan,0,-69839,69839,-0.999713709,0.999713709,69839,69839
Probabilistic Counting,L=4,streaming,50,10000000,714943,1000000,21041998,71495,20,0,0,nan,0,-71475,71475,-0.9997202602,0.9997202602,71475,71475
Probabilistic Counting,L=4,streaming,50,10000000,731681,1000000,21041998,73169,20,0,0,nan,0,-73149,73149,-0.9997266602,0.9997266602,73149,73149
Probabilistic Counting,L=4,streaming,50,10000000,766342,1000000,21041998,76635,20,0,0,nan,0,-76615,76615,-0.9997390226,0.9997390226,76615,76615
Probabilistic Counting,L=4,streaming,50,10000000,784283,1000000,21041998,78429,20,0,0,nan,0,-78409,78409,-0.9997449923,0.9997449923,78409,78409
Probabilistic Counting,L=4,streaming,50,10000000,802644,1000000,21041998,80265,20,0,0,nan,0,-80245,80245,-0.9997508254,0.9997508254,80245,80245
Probabilistic Counting,L=4,streaming,50,10000000,840666,1000000,21041998,84067,20,0,0,nan,0,-84047,84047,-0.9997620945,0.9997620945,84047,84047
Probabilistic Counting,L=4,streaming,50,10000000,860347,1000000,21041998,86035,20,0,0,nan,0,-86015,86015,-0.9997675365,0.9997675365,86015,86015
Probabilistic Counting,L=4,streaming,50,10000000,880489,1000000,21041998,88049,20,0,0,nan,0,-88029,88029,-0.9997728538,0.9997728538,88029,88029
Probabilistic Counting,L=4,streaming,50,10000000,922198,1000000,21041998,92220,20,0,0,nan,0,-92200,92200,-0.9997831273,0.9997831273,92200,92200
Probabilistic Counting,L=4,streaming,50,10000000,943788,1000000,21041998,94379,20,0,0,nan,0,-94359,94359,-0.9997880885,0.9997880885,94359,94359
Probabilistic Counting,L=4,streaming,50,10000000,965884,1000000,21041998,96589,20,0,0,nan,0,-96569,96569,-0.9997929371,0.9997929371,96569,96569
Probabilistic Counting,L=4,streaming,50,10000000,1011638,1000000,21041998,101164,20,0,0,nan,0,-101144,101144,-0.9998023012,0.9998023012,101144,101144
Probabilistic Counting,L=4,streaming,50,10000000,1035322,1000000,21041998,103533,20,0,0,nan,0,-103513,103513,-0.9998068249,0.9998068249,103513,103513
Probabilistic Counting,L=4,streaming,50,10000000,1059561,1000000,21041998,105957,20,0,0,nan,0,-105937,105937,-0.9998112442,0.9998112442,105937,105937
Probabilistic Counting,L=4,streaming,50,10000000,1084366,1000000,21041998,108437,20,0,0,nan,0,-108417,108417,-0.9998155611,0.9998155611,108417,108417
Probabilistic Counting,L=4,streaming,50,10000000,1135734,1000000,21041998,113574,20,0,0,nan,0,-113554,113554,-0.9998239034,0.9998239034,113554,113554
Probabilistic Counting,L=4,streaming,50,10000000,1162323,1000000,21041998,116233,20,0,0,nan,0,-116213,116213,-0.9998279318,0.9998279318,116213,116213
Probabilistic Counting,L=4,streaming,50,10000000,1189535,1000000,21041998,118954,20,0,0,nan,0,-118934,118934,-0.9998318678,0.9998318678,118934,118934
Probabilistic Counting,L=4,streaming,50,10000000,1245884,1000000,21041998,124589,20,0,0,nan,0,-124569,124569,-0.9998394722,0.9998394722,124569,124569
Probabilistic Counting,L=4,streaming,50,10000000,1275052,1000000,21041998,127506,20,0,0,nan,0,-127486,127486,-0.9998431446,0.9998431446,127486,127486
Probabilistic Counting,L=4,streaming,50,10000000,1304902,1000000,21041998,130491,20,0,0,nan,0,-130471,130471,-0.9998467327,0.9998467327,130471,130471
Probabilistic Counting,L=4,streaming,50,10000000,1366717,1000000,21041998,136672,20,0,0,nan,0,-136652,136652,-0.9998536642,0.9998536642,136652,136652
Probabilistic Counting,L=4,streaming,50,10000000,1398714,1000000,21041998,139872,20,0,0,nan,0,-139852,139852,-0.9998570121,0.9998570121,139852,139852
Probabilistic Counting,L=4,streaming,50,10000000,1431459,1000000,21041998,143146,20,0,0,nan,0,-143126,143126,-0.9998602825,0.9998602825,143126,143126
Probabilistic Counting,L=4,streaming,50,10000000,1499269,1000000,21041998,149927,20,0,0,nan,0,-149907,149907,-0.9998666017,0.9998666017,149907,149907
Probabilistic Counting,L=4,streaming,50,10000000,1534369,1000000,21041998,153437,20,0,0,nan,0,-153417,153417,-0.9998696533,0.9998696533,153417,153417
Probabilistic Counting,L=4,streaming,50,10000000,1570291,1000000,21041998,157030,20,0,0,nan,0,-157010,157010,-0.9998726358,0.9998726358,157010,157010
Probabilistic Counting,L=4,streaming,50,10000000,1644677,1000000,21041998,164468,20,0,0,nan,0,-164448,164448,-0.9998783958,0.9998783958,164448,164448
Probabilistic Counting,L=4,streaming,50,10000000,1683181,1000000,21041998,168319,20,0,0,nan,0,-168299,168299,-0.999881178,0.999881178,168299,168299
Probabilistic Counting,L=4,streaming,50,10000000,1722586,1000000,21041998,172259,20,0,0,nan,0,-172239,172239,-0.9998838958,0.9998838958,172239,172239
Probabilistic Counting,L=4,streaming,50,10000000,1804187,1000000,21041998,180419,20,0,0,nan,0,-180399,180399,-0.9998891469,0.9998891469,180399,180399
Probabilistic Counting,L=4,streaming,50,10000000,1846425,1000000,21041998,184643,20,0,0,nan,0,-184623,184623,-0.9998916829,0.9998916829,184623,184623
Probabilistic Counting,L=4,streaming,50,10000000,1889653,1000000,21041998,188966,20,0,0,nan,0,-188946,188946,-0.9998941609,0.9998941609,188946,188946
Probabilistic Counting,L=4,streaming,50,10000000,1979167,1000000,21041998,197917,20,0,0,nan,0,-197897,197897,-0.9998989475,0.9998989475,197897,197897
Probabilistic Counting,L=4,streaming,50,10000000,2025502,1000000,21041998,202551,20,0,0,nan,0,-202531,202531,-0.9999012594,0.9999012594,202531,202531
Probabilistic Counting,L=4,streaming,50,10000000,2072922,1000000,21041998,207293,20,0,0,nan,0,-207273,207273,-0.9999035182,0.9999035182,207273,207273
Probabilistic Counting,L=4,streaming,50,10000000,2171118,1000000,21041998,217112,20,0,0,nan,0,-217092,217092,-0.9999078816,0.9999078816,217092,217092
Probabilistic Counting,L=4,streaming,50,10000000,2221947,1000000,21041998,222195,20,0,0,nan,0,-222175,222175,-0.999909989,0.999909989,222175,222175
Probabilistic Counting,L=4,streaming,50,10000000,2273966,1000000,21041998,227397,20,0,0,nan,0,-227377,227377,-0.9999120481,0.9999120481,227377,227377
Probabilistic Counting,L=4,streaming,50,10000000,2381686,1000000,21041998,238169,20,0,0,nan,0,-238149,238149,-0.999916026,0.999916026,238149,238149
Probabilistic Counting,L=4,streaming,50,10000000,2437445,1000000,21041998,243745,20,0,0,nan,0,-243725,243725,-0.999917947,0.999917947,243725,243725
Probabilistic Counting,L=4,streaming,50,10000000,2494509,1000000,21041998,249451,20,0,0,nan,0,-249431,249431,-0.9999198239,0.9999198239,249431,249431
Probabilistic Counting,L=4,streaming,50,10000000,2612676,1000000,21041998,261268,20,0,0,nan,0,-261248,261248,-0.9999234503,0.9999234503,261248,261248
Probabilistic Counting,L=4,streaming,50,10000000,2673842,1000000,21041998,267385,20,0,0,nan,0,-267365,267365,-0.9999252015,0.9999252015,267365,267365
Probabilistic Counting,L=4,streaming,50,10000000,2736440,1000000,21041998,273644,20,0,0,nan,0,-273624,273624,-0.9999269123,0.9999269123,273624,273624
Probabilistic Counting,L=4,streaming,50,10000000,2866068,1000000,21041998,286607,20,0,0,nan,0,-286587,286587,-0.999930218,0.999930218,286587,286587
Probabilistic Counting,L=4,streaming,50,10000000,2933167,1000000,21041998,293317,20,0,0,nan,0,-293297,293297,-0.9999318144,0.9999318144,293297,293297
Probabilistic Counting,L=4,streaming,50,10000000,3001836,1000000,21041998,300184,20,0,0,nan,0,-300164,300164,-0.9999333742,0.9999333742,300164,300164
Probabilistic Counting,L=4,streaming,50,10000000,3144036,1000000,21041998,314404,20,0,0,nan,0,-314384,314384,-0.9999363876,0.9999363876,314384,314384
Probabilistic Counting,L=4,streaming,50,10000000,3217642,1000000,21041998,321765,20,0,0,nan,0,-321745,321745,-0.9999378428,0.9999378428,321745,321745
Probabilistic Counting,L=4,streaming,50,10000000,3292972,1000000,21041998,329298,20,0,0,nan,0,-329278,329278,-0.9999392647,0.9999392647,329278,329278
Probabilistic Counting,L=4,streaming,50,10000000,3448963,1000000,21041998,344897,20,0,0,nan,0,-344877,344877,-0.9999420117,0.9999420117,344877,344877
Probabilistic Counting,L=4,streaming,50,10000000,3529708,1000000,21041998,352971,20,0,0,nan,0,-352951,352951,-0.9999433381,0.9999433381,352951,352951
Probabilistic Counting,L=4,streaming,50,10000000,3612343,1000000,21041998,361235,20,0,0,nan,0,-361215,361215,-0.9999446344,0.9999446344,361215,361215
Probabilistic Counting,L=4,streaming,50,10000000,3783463,1000000,21041998,378347,20,0,0,nan,0,-378327,378327,-0.9999471385,0.9999471385,378327,378327
Probabilistic Counting,L=4,streaming,50,10000000,3872039,1000000,21041998,387204,20,0,0,nan,0,-387184,387184,-0.9999483476,0.9999483476,387184,387184
Probabilistic Counting,L=4,streaming,50,10000000,3962689,1000000,21041998,396269,20,0,0,nan,0,-396249,396249,-0.9999495292,0.9999495292,396249,396249
Probabilistic Counting,L=4,streaming,50,10000000,4150405,1000000,21041998,415041,20,0,0,nan,0,-415021,415021,-0.999951812,0.999951812,415021,415021
Probabilistic Counting,L=4,streaming,50,10000000,4247572,1000000,21041998,424758,20,0,0,nan,0,-424738,424738,-0.9999529144,0.9999529144,424738,424738
Probabilistic Counting,L=4,streaming,50,10000000,4347014,1000000,21041998,434702,20,0,0,nan,0,-434682,434682,-0.9999539915,0.9999539915,434682,434682
Probabilistic Counting,L=4,streaming,50,10000000,4552936,1000000,21041998,455294,20,0,0,nan,0,-455274,455274,-0.9999560723,0.9999560723,455274,455274
Probabilistic Counting,L=4,streaming,50,10000000,4659526,1000000,21041998,465953,20,0,0,nan,0,-465933,465933,-0.9999570772,0.9999570772,465933,465933
Probabilistic Counting,L=4,streaming,50,10000000,4768612,1000000,21041998,476862,20,0,0,nan,0,-476842,476842,-0.9999580591,0.9999580591,476842,476842
Probabilistic Counting,L=4,streaming,50,10000000,4880252,1000000,21041998,488026,20,0,0,nan,0,-488006,488006,-0.9999590186,0.9999590186,488006,488006
Probabilistic Counting,L=4,streaming,50,10000000,5111434,1000000,21041998,511144,20,0,0,nan,0,-511124,511124,-0.9999608721,0.9999608721,511124,511124
Probabilistic Counting,L=4,streaming,50,10000000,5231100,1000000,21041998,523110,20,0,0,nan,0,-523090,523090,-0.9999617671,0.9999617671,523090,523090
Probabilistic Counting,L=4,streaming,50,10000000,5353567,1000000,21041998,535357,20,0,0,nan,0,-535337,535337,-0.9999626418,0.9999626418,535337,535337
Probabilistic Counting,L=4,streaming,50,10000000,5607170,1000000,21041998,560717,20,0,0,nan,0,-560697,560697,-0.9999643314,0.9999643314,560697,560697
Probabilistic Counting,L=4,streaming,50,10000000,5738442,1000000,21041998,573845,20,0,0,nan,0,-573825,573825,-0.9999651474,0.9999651474,573825,573825
Probabilistic Counting,L=4,streaming,50,10000000,5872787,1000000,21041998,587279,20,0,0,nan,0,-587259,587259,-0.9999659446,0.9999659446,587259,587259
Probabilistic Counting,L=4,streaming,50,10000000,6150986,1000000,21041998,615099,20,0,0,nan,0,-615079,615079,-0.9999674849,0.9999674849,615079,615079
Probabilistic Counting,L=4,streaming,50,10000000,6294989,1000000,21041998,629499,20,0,0,nan,0,-629479,629479,-0.9999682287,0.9999682287,629479,629479
Probabilistic Counting,L=4,streaming,50,10000000,6442364,1000000,21041998,644237,20,0,0,nan,0,-644217,644217,-0.9999689555,0.9999689555,644217,644217
Probabilistic Counting,L=4,streaming,50,10000000,6747545,1000000,21041998,674755,20,0,0,nan,0,-674735,674735,-0.9999703596,0.9999703596,674735,674735
Probabilistic Counting,L=4,streaming,50,10000000,6905514,1000000,21041998,690552,20,0,0,nan,0,-690532,690532,-0.9999710377,0.9999710377,690532,690532
Probabilistic Counting,L=4,streaming,50,10000000,7067182,1000000,21041998,706719,20,0,0,nan,0,-706699,706699,-0.9999717002,0.9999717002,706699,706699
Probabilistic Counting,L=4,streaming,50,10000000,7401960,1000000,21041998,740196,20,0,0,nan,0,-740176,740176,-0.9999729801,0.9999729801,740176,740176
Probabilistic Counting,L=4,streaming,50,10000000,7575251,1000000,21041998,757526,20,0,0,nan,0,-757506,757506,-0.9999735983,0.9999735983,757506,757506
Probabilistic Counting,L=4,streaming,50,10000000,7752598,1000000,21041998,775260,20,0,0,nan,0,-775240,775240,-0.9999742022,0.9999742022,775240,775240
Probabilistic Counting,L=4,streaming,50,10000000,8119845,1000000,21041998,811985,20,0,0,nan,0,-811965,811965,-0.999975369,0.999975369,811965,811965
Probabilistic Counting,L=4,streaming,50,10000000,8309942,1000000,21041998,830995,20,0,0,nan,0,-830975,830975,-0.9999759325,0.9999759325,830975,830975
Probabilistic Counting,L=4,streaming,50,10000000,8504490,1000000,21041998,850449,20,0,0,nan,0,-850429,850429,-0.999976483,0.999976483,850429,850429
Probabilistic Counting,L=4,streaming,50,10000000,8907355,1000000,21041998,890736,20,0,0,nan,0,-890716,890716,-0.9999775467,0.9999775467,890716,890716
Probabilistic Counting,L=4,streaming,50,10000000,9115889,1000000,21041998,911589,20,0,0,nan,0,-911569,911569,-0.9999780603,0.9999780603,911569,911569
Probabilistic Counting,L=4,streaming,50,10000000,9329305,1000000,21041998,932931,20,0,0,nan,0,-932911,932911,-0.9999785622,0.9999785622,932911,932911
Probabilistic Counting,L=4,streaming,50,10000000,9771242,1000000,21041998,977125,20,0,0,nan,0,-977105,977105,-0.9999795318,0.9999795318,977105,977105
Probabilistic Counting,L=4,streaming,50,10000000,10000000,1000000,21041998,1000000,20,0,0,nan,0,-999980,999980,-0.99998,0.99998,999980,999980
Probabilistic Counting,L=4,streaming,50,10000000,1,10000000,21041998,1,1.44,0.2514285714,0.5014265364,nan,0.5014265364,0.44,0.44,0.44,0.44,0.6633249581,0.44
Probabilistic Counting,L=4,streaming,50,10000000,1539,10000000,21041998,1539,20,0,0,nan,0,-1519,1519,-0.9870045484,0.9870045484,1519,1519
Probabilistic Counting,L=4,streaming,50,10000000,4616,10000000,21041998,4616,20,0,0,nan,0,-4596,4596,-0.9956672444,0.9956672444,4596,4596
Probabilistic Counting,L=4,streaming,50,10000000,6154,10000000,21041998,6154,20,0,0,nan,0,-6134,6134,-0.9967500812,0.9967500812,6134,6134
Probabilistic Counting,L=4,streaming,50,10000000,7693,10000000,21041998,7693,20,0,0,nan,0,-7673,7673,-0.997400234,0.997400234,7673,7673
Probabilistic Counting,L=4,streaming,50,10000000,10770,10000000,21041998,10770,20,0,0,nan,0,-10750,10750,-0.9981429898,0.9981429898,10750,10750
Probabilistic Counting,L=4,streaming,50,10000000,12308,10000000,21041998,12308,20,0,0,nan,0,-12288,12288,-0.9983750406,0.9983750406,12288,12288
Probabilistic Counting,L=4,streaming,50,10000000,13847,10000000,21041998,13847,20,0,0,nan,0,-13827,13827,-0.9985556438,0.9985556438,13827,13827
Probabilistic Counting,L=4,streaming,50,10000000,16923,10000000,21041998,16923,20,0,0,nan,0,-16903,16903,-0.9988181764,0.9988181764,16903,16903
Probabilistic Counting,L=4,streaming,50,10000000,18462,10000000,21041998,18462,20,0,0,nan,0,-18442,18442,-0.9989166937,0.9989166937,18442,18442
Probabilistic Counting,L=4,streaming,50,10000000,20000,10000000,21041998,20000,20,0,0,nan,0,-19980,19980,-0.999,0.999,19980,19980
Probabilistic Counting,L=4,streaming,50,10000000,23077,10000000,21041998,23077,20,0,0,nan,0,-23057,23057,-0.9991333362,0.9991333362,23057,23057
Probabilistic Counting,L=4,streaming,50,10000000,24616,10000000,21041998,24616,20,0,0,nan,0,-24596,24596,-0.9991875203,0.9991875203,24596,24596
Probabilistic Counting,L=4,streaming,50,10000000,26154,10000000,21041998,26154,20,0,0,nan,0,-26134,26134,-0.9992352986,0.9992352986,26134,26134
Probabilistic Counting,L=4,streaming,50,10000000,29231,10000000,21041998,29231,20,0,0,nan,0,-29211,29211,-0.9993157949,0.9993157949,29211,29211
Probabilistic Counting,L=4,streaming,50,10000000,30769,10000000,21041998,30769,20,0,0,nan,0,-30749,30749,-0.9993499951,0.9993499951,30749,30749
Probabilistic Counting,L=4,streaming,50,10000000,32308,10000000,21041998,32308,20,0,0,nan,0,-32288,32288,-0.9993809583,0.9993809583,32288,32288
Probabilistic Counting,L=4,streaming,50,10000000,35385,10000000,21041998,35385,20,0,0,nan,0,-35365,35365,-0.9994347888,0.9994347888,35365,35365
Probabilistic Counting,L=4,streaming,50,10000000,36923,10000000,21041998,36923,20,0,0,nan,0,-36903,36903,-0.9994583322,0.9994583322,36903,36903
Probabilistic Counting,L=4,streaming,50,10000000,38462,10000000,21041998,38462,20,0,0,nan,0,-38442,38442,-0.9994800062,0.9994800062,38442,38442
Probabilistic Counting,L=4,streaming,50,10000000,41539,10000000,21041998,41539,20,0,0,nan,0,-41519,41519,-0.9995185248,0.9995185248,41519,41519
Probabilistic Counting,L=4,streaming,50,10000000,43077,10000000,21041998,43077,20,0,0,nan,0,-43057,43057,-0.9995357151,0.9995357151,43057,43057
Probabilistic Counting,L=4,streaming,50,10000000,44615,10000000,21041998,44615,20,0,0,nan,0,-44595,44595,-0.9995517203,0.9995517203,44595,44595
Probabilistic Counting,L=4,streaming,50,10000000,47692,10000000,21041998,47692,20,0,0,nan,0,-47672,47672,-0.9995806425,0.9995806425,47672,47672
Probabilistic Counting,L=4,streaming,50,10000000,49231,10000000,21041998,49231,20,0,0,nan,0,-49211,49211,-0.9995937519,0.9995937519,49211,49211
Probabilistic Counting,L=4,streaming,50,10000000,50769,10000000,21041998,50769,20,0,0,nan,0,-50749,50749,-0.9996060588,0.9996060588,50749,50749
Probabilistic Counting,L=4,streaming,50,10000000,52308,10000000,21041998,52308,20,0,0,nan,0,-52288,52288,-0.9996176493,0.9996176493,52288,52288
Probabilistic Counting,L=4,streaming,50,10000000,55385,10000000,21041998,55385,20,0,0,nan,0,-55365,55365,-0.9996388914,0.9996388914,55365,55365
Probabilistic Counting,L=4,streaming,50,10000000,56923,10000000,21041998,56923,20,0,0,nan,0,-56903,56903,-0.9996486482,0.9996486482,56903,56903
Probabilistic Counting,L=4,streaming,50,10000000,58461,10000000,21041998,58461,20,0,0,nan,0,-58441,58441,-0.9996578916,0.9996578916,58441,58441
Probabilistic Counting,L=4,streaming,50,10000000,61538,10000000,21041998,61538,20,0,0,nan,0,-61518,61518,-0.9996749976,0.9996749976,61518,61518
Probabilistic Counting,L=4,streaming,50,10000000,63077,10000000,21041998,63077,20,0,0,nan,0,-63057,63057,-0.9996829272,0.9996829272,63057,63057
Probabilistic Counting,L=4,streaming,50,10000000,64615,10000000,21041998,64615,20,0,0,nan,0,-64595,64595,-0.9996904743,0.9996904743,64595,64595
Probabilistic Counting,L=4,streaming,50,10000000,67692,10000000,21041998,67692,20,0,0,nan,0,-67672,67672,-0.9997045441,0.9997045441,67672,67672
Probabilistic Counting,L=4,streaming,50,10000000,69231,10000000,21041998,69231,20,0,0,nan,0,-69211,69211,-0.9997111121,0.9997111121,69211,69211
Probabilistic Counting,L=4,streaming,50,10000000,70769,10000000,21041998,70769,20,0,0,nan,0,-70749,70749,-0.9997173904,0.9997173904,70749,70749
Probabilistic Counting,L=4,streaming,50,10000000,73846,10000000,21041998,73846,20,0,0,nan,0,-73826,73826,-0.9997291661,0.9997291661,73826,73826
Probabilistic Counting,L=4,streaming,50,10000000,75384,10000000,21041998,75384,20,0,0,nan,0,-75364,75364,-0.9997346917,0.9997346917,75364,75364
Probabilistic Counting,L=4,streaming,50,10000000,76923,10000000,21041998,76923,20,0,0,nan,0,-76903,76903,-0.9997399997,0.9997399997,76903,76903
Probabilistic Counting,L=4,streaming,50,10000000,80000,10000000,21041998,80000,20,0,0,nan,0,-79980,79980,-0.99975,0.99975,79980,79980
Probabilistic Counting,L=4,streaming,50,10000000,81538,10000000,21041998,81538,20,0,0,nan,0,-81518,81518,-0.9997547156,0.9997547156,81518,81518
Probabilistic Counting,L=4,streaming,50,10000000,83077,10000000,21041998,83077,20,0,0,nan,0,-83057,83057,-0.9997592595,0.9997592595,83057,83057
Probabilistic Counting,L=4,streaming,50,10000000,86153,10000000,21041998,86153,20,0,0,nan,0,-86133,86133,-0.9997678549,0.9997678549,86133,86133
Probabilistic Counting,L=4,streaming,50,10000000,87692,10000000,21041998,87692,20,0,0,nan,0,-87672,87672,-0.999771929,0.999771929,87672,87672
Probabilistic Counting,L=4,streaming,50,10000000,89230,10000000,21041998,89230,20,0,0,nan,0,-89210,89210,-0.9997758601,0.9997758601,89210,89210
Probabilistic Counting,L=4,streaming,50,10000000,92307,10000000,21041998,92307,20,0,0,nan,0,-92287,92287,-0.9997833317,0.9997833317,92287,92287
Probabilistic Counting,L=4,streaming,50,10000000,93846,10000000,21041998,93846,20,0,0,nan,0,-93826,93826,-0.9997868849,0.9997868849,93826,93826
Probabilistic Counting,L=4,streaming,50,10000000,95384,10000000,21041998,95384,20,0,0,nan,0,-95364,95364,-0.9997903212,0.9997903212,95364,95364
Probabilistic Counting,L=4,streaming,50,10000000,98461,10000000,21041998,98461,20,0,0,nan,0,-98441,98441,-0.9997968739,0.9997968739,98441,98441
Probabilistic Counting,L=4,streaming,50,10000000,100000,10000000,21041998,100000,20,0,0,nan,0,-99980,99980,-0.9998,0.9998,99980,99980
Probabilistic Counting,L=4,streaming,50,10000000,102342,10000000,21041998,102342,20,0,0,nan,0,-102322,102322,-0.9998045768,0.9998045768,102322,102322
Probabilistic Counting,L=4,streaming,50,10000000,107190,10000000,21041998,107190,20,0,0,nan,0,-107170,107170,-0.9998134154,0.9998134154,107170,107170
Probabilistic Counting,L=4,streaming,50,10000000,109699,10000000,21041998,109699,20,0,0,nan,0,-109679,109679,-0.9998176829,0.9998176829,109679,109679
Probabilistic Counting,L=4,streaming,50,10000000,112267,10000000,21041998,112267,20,0,0,nan,0,-112247,112247,-0.9998218533,0.9998218533,112247,112247
Probabilistic Counting,L=4,streaming,50,10000000,117585,10000000,21041998,117585,20,0,0,nan,0,-117565,117565,-0.9998299103,0.9998299103,117565,117565
Probabilistic Counting,L=4,streaming,50,10000000,120338,10000000,21041998,120338,20,0,0,nan,0,-120318,120318,-0.9998338015,0.9998338015,120318,120318
Probabilistic Counting,L=4,streaming,50,10000000,123156,10000000,21041998,123156,20,0,0,nan,0,-123136,123136,-0.9998376043,0.9998376043,123136,123136
Probabilistic Counting,L=4,streaming,50,10000000,128990,10000000,21041998,128990,20,0,0,nan,0,-128970,128970,-0.9998449492,0.9998449492,128970,128970
Probabilistic Counting,L=4,streaming,50,10000000,132009,10000000,21041998,132009,20,0,0,nan,0,-131989,131989,-0.9998484952,0.9998484952,131989,131989
Probabilistic Counting,L=4,streaming,50,10000000,135100,10000000,21041998,135100,20,0,0,nan,0,-135080,135080,-0.9998519615,0.9998519615,135080,135080
Probabilistic Counting,L=4,streaming,50,10000000,141500,10000000,21041998,141500,20,0,0,nan,0,-141480,141480,-0.9998586572,0.9998586572,141480,141480
Probabilistic Counting,L=4,streaming,50,10000000,144812,10000000,21041998,144812,20,0,0,nan,0,-144792,144792,-0.9998618899,0.9998618899,144792,144792
Probabilistic Counting,L=4,streaming,50,10000000,148203,10000000,21041998,148203,20,0,0,nan,0,-148183,148183,-0.99986505,0.99986505,148183,148183
Probabilistic Counting,L=4,streaming,50,10000000,155223,10000000,21041998,155223,20,0,0,nan,0,-155203,155203,-0.9998711531,0.9998711531,155203,155203
Probabilistic Counting,L=4,streaming,50,10000000,158857,10000000,21041998,158857,20,0,0,nan,0,-158837,158837,-0.9998741006,0.9998741006,158837,158837
Probabilistic Counting,L=4,streaming,50,10000000,162576,10000000,21041998,162576,20,0,0,nan,0,-162556,162556,-0.9998769806,0.9998769806,162556,162556
Probabilistic Counting,L=4,streaming,50,10000000,170277,10000000,21041998,170277,20,0,0,nan,0,-170257,170257,-0.9998825443,0.9998825443,170257,170257
Probabilistic Counting,L=4,streaming,50,10000000,174264,10000000,21041998,174264,20,0,0,nan,0,-174244,174244,-0.9998852316,0.9998852316,174244,174244
Probabilistic Counting,L=4,streaming,50,10000000,178344,10000000,21041998,178344,20,0,0,nan,0,-178324,178324,-0.9998878572,0.9998878572,178324,178324
Probabilistic Counting,L=4,streaming,50,10000000,186792,10000000,21041998,186792,20,0,0,nan,0,-186772,186772,-0.999892929,0.999892929,186772,186772
Probabilistic Counting,L=4,streaming,50,10000000,191165,10000000,21041998,191165,20,0,0,nan,0,-191145,191145,-0.9998953783,0.9998953783,191145,191145
Probabilistic Counting,L=4,streaming,50,10000000,195640,10000000,21041998,195640,20,0,0,nan,0,-195620,195620,-0.9998977714,0.9998977714,195620,195620
Probabilistic Counting,L=4,streaming,50,10000000,204908,10000000,21041998,204908,20,0,0,nan,0,-204888,204888,-0.9999023952,0.9999023952,204888,204888
Probabilistic Counting,L=4,streaming,50,10000000,209705,10000000,21041998,209705,20,0,0,nan,0,-209685,209685,-0.9999046279,0.9999046279,209685,209685
Probabilistic Counting,L=4,streaming,50,10000000,214615,10000000,21041998,214615,20,0,0,nan,0,-214595,214595,-0.9999068099,0.9999068099,214595,214595
Probabilistic Counting,L=4,streaming,50,10000000,219639,10000000,21041998,219639,20,0,0,nan,0,-219619,219619,-0.9999089415,0.9999089415,219619,219619
Probabilistic Counting,L=4,streaming,50,10000000,230044,10000000,21041998,230044,20,0,0,nan,0,-230024,230024,-0.9999130601,0.9999130601,230024,230024
Probabilistic Counting,L=4,streaming,50,10000000,235429,10000000,21041998,235429,20,0,0,nan,0,-235409,235409,-0.9999150487,0.9999150487,235409,235409
Probabilistic Counting,L=4,streaming,50,10000000,240941,10000000,21041998,240941,20,0,0,nan,0,-240921,240921,-0.9999169921,0.9999169921,240921,240921
Probabilistic Counting,L=4,streaming,50,10000000,252354,10000000,21041998,252354,20,0,0,nan,0,-252334,252334,-0.9999207463,0.9999207463,252334,252334
Probabilistic Counting,L=4,streaming,50,10000000,258262,10000000,21041998,258262,20,0,0,nan,0,-258242,258242,-0.9999225593,0.9999225593,258242,258242
Probabilistic Counting,L=4,streaming,50,10000000,264309,10000000,21041998,264309,20,0,0,nan,0,-264289,264289,-0.999924331,0.999924331,264289,264289
Probabilistic Counting,L=4,streaming,50,10000000,276829,10000000,21041998,276829,20,0,0,nan,0,-276809,276809,-0.9999277532,0.9999277532,276809,276809
Probabilistic Counting,L=4,streaming,50,10000000,283310,10000000,21041998,283310,20,0,0,nan,0,-283290,283290,-0.999929406,0.999929406,283290,283290
Probabilistic Counting,L=4,streaming,50,10000000,289943,10000000,21041998,289943,20,0,0,nan,0,-289923,289923,-0.9999310209,0.9999310209,289923,289923
Probabilistic Counting,L=4,streaming,50,10000000,303678,10000000,21041998,303678,20,0,0,nan,0,-303658,303658,-0.9999341408,0.9999341408,303658,303658
Probabilistic Counting,L=4,streaming,50,10000000,310787,10000000,21041998,310787,20,0,0,nan,0,-310767,310767,-0.9999356472,0.9999356472,310767,310767
Probabilistic Counting,L=4,streaming,50,10000000,318063,10000000,21041998,318063,20,0,0,nan,0,-318043,318043,-0.9999371194,0.9999371194,318043,318043
Probabilistic Counting,L=4,streaming,50,10000000,333130,10000000,21041998,333130,20,0,0,nan,0,-333110,333110,-0.9999399634,0.9999399634,333110,333110
Probabilistic Counting,L=4,streaming,50,10000000,340929,10000000,21041998,340929,20,0,0,nan,0,-340909,340909,-0.9999413368,0.9999413368,340909,340909
Probabilistic Counting,L=4,streaming,50,10000000,348911,10000000,21041998,348911,20,0,0,nan,0,-348891,348891,-0.9999426788,0.9999426788,348891,348891
Probabilistic Counting,L=4,streaming,50,10000000,365439,10000000,21041998,365439,20,0,0,nan,0,-365419,365419,-0.9999452713,0.9999452713,365419,365419
Probabilistic Counting,L=4,streaming,50,10000000,373994,10000000,21041998,373994,20,0,0,nan,0,-373974,373974,-0.9999465232,0.9999465232,373974,373974
Probabilistic Counting,L=4,streaming,50,10000000,382750,10000000,21041998,382750,20,0,0,nan,0,-382730,382730,-0.9999477466,0.9999477466,382730,382730
Probabilistic Counting,L=4,streaming,50,10000000,400881,10000000,21041998,400881,20,0,0,nan,0,-400861,400861,-0.9999501099,0.9999501099,400861,400861
Probabilistic Counting,L=4,streaming,50,10000000,410266,10000000,21041998,410266,20,0,0,nan,0,-410246,410246,-0.9999512511,0.9999512511,410246,410246
Probabilistic Counting,L=4,streaming,50,10000000,419871,10000000,21041998,419871,20,0,0,nan,0,-419851,419851,-0.9999523663,0.9999523663,419851,419851
Probabilistic Counting,L=4,streaming,50,10000000,439761,10000000,21041998,439761,20,0,0,nan,0,-439741,439741,-0.9999545208,0.9999545208,439741,439741
Probabilistic Counting,L=4,streaming,50,10000000,450056,10000000,21041998,450056,20,0,0,nan,0,-450036,450036,-0.9999555611,0.9999555611,450036,450036
Probabilistic Counting,L=4,streaming,50,10000000,460593,10000000,21041998,460593,20,0,0,nan,0,-460573,460573,-0.9999565777,0.9999565777,460573,460573
Probabilistic Counting,L=4,streaming,50,10000000,482411,10000000,21041998,482411,20,0,0,nan,0,-482391,482391,-0.9999585416,0.9999585416,482391,482391
Probabilistic Counting,L=4,streaming,50,10000000,493705,10000000,21041998,493705,20,0,0,nan,0,-493685,493685,-0.99995949,0.99995949,493685,493685
Probabilistic Counting,L=4,streaming,50,10000000,505264,10000000,21041998,505264,20,0,0,nan,0,-505244,505244,-0.9999604167,0.9999604167,505244,505244
Probabilistic Counting,L=4,streaming,50,10000000,529198,10000000,21041998,529198,20,0,0,nan,0,-529178,529178,-0.999962207,0.999962207,529178,529178
Probabilistic Counting,L=4,streaming,50,10000000,541588,10000000,21041998,541588,20,0,0,nan,0,-541568,541568,-0.9999630716,0.9999630716,541568,541568
Probabilistic Counting,L=4,streaming,50,10000000,554267,10000000,21041998,554267,20,0,0,nan,0,-554247,554247,-0.9999639163,0.9999639163,554247,554247
Probabilistic Counting,L=4,streaming,50,10000000,580523,10000000,21041998,580523,20,0,0,nan,0,-580503,580503,-0.9999655483,0.9999655483,580503,580503
Probabilistic Counting,L=4,streaming,50,10000000,594114,10000000,21041998,594114,20,0,0,nan,0,-594094,594094,-0.9999663364,0.9999663364,594094,594094
Probabilistic Counting,L=4,streaming,50,10000000,608023,10000000,21041998,608023,20,0,0,nan,0,-608003,608003,-0.9999671065,0.9999671065,608003,608003
Probabilistic Counting,L=4,streaming,50,10000000,636825,10000000,21041998,636825,20,0,0,nan,0,-636805,636805,-0.9999685942,0.9999685942,636805,636805
Probabilistic Counting,L=4,streaming,50,10000000,651734,10000000,21041998,651734,20,0,0,nan,0,-651714,651714,-0.9999693126,0.9999693126,651714,651714
Probabilistic Counting,L=4,streaming,50,10000000,666992,10000000,21041998,666992,20,0,0,nan,0,-666972,666972,-0.9999700146,0.9999700146,666972,666972
Probabilistic Counting,L=4,streaming,50,10000000,698588,10000000,21041998,698588,20,0,0,nan,0,-698568,698568,-0.9999713708,0.9999713708,698568,698568
Probabilistic Counting,L=4,streaming,50,10000000,714943,10000000,21041998,714943,20,0,0,nan,0,-714923,714923,-0.9999720257,0.9999720257,714923,714923
Probabilistic Counting,L=4,streaming,50,10000000,731681,10000000,21041998,731681,20,0,0,nan,0,-731661,731661,-0.9999726657,0.9999726657,731661,731661
Probabilistic Counting,L=4,streaming,50,10000000,766342,10000000,21041998,766342,20,0,0,nan,0,-766322,766322,-0.999973902,0.999973902,766322,766322
Probabilistic Counting,L=4,streaming,50,10000000,784283,10000000,21041998,784283,20,0,0,nan,0,-784263,784263,-0.999974499,0.999974499,784263,784263
Probabilistic Counting,L=4,streaming,50,10000000,802644,10000000,21041998,802644,20,0,0,nan,0,-802624,802624,-0.9999750824,0.9999750824,802624,802624
Probabilistic Counting,L=4,streaming,50,10000000,840666,10000000,21041998,840666,20,0,0,nan,0,-840646,840646,-0.9999762093,0.9999762093,840646,840646
Probabilistic Counting,L=4,streaming,50,10000000,860347,10000000,21041998,860347,20,0,0,nan,0,-860327,860327,-0.9999767536,0.9999767536,860327,860327
Probabilistic Counting,L=4,streaming,50,10000000,880489,10000000,21041998,880489,20,0,0,nan,0,-880469,880469,-0.9999772853,0.9999772853,880469,880469
Probabilistic Counting,L=4,streaming,50,10000000,922198,10000000,21041998,922198,20,0,0,nan,0,-922178,922178,-0.9999783127,0.9999783127,922178,922178
Probabilistic Counting,L=4,streaming,50,10000000,943788,10000000,21041998,943788,20,0,0,nan,0,-943768,943768,-0.9999788088,0.9999788088,943768,943768
Probabilistic Counting,L=4,streaming,50,10000000,965884,10000000,21041998,965884,20,0,0,nan,0,-965864,965864,-0.9999792936,0.9999792936,965864,965864
Probabilistic Counting,L=4,streaming,50,10000000,1011638,10000000,21041998,1011638,20,0,0,nan,0,-1011618,1011618,-0.9999802301,0.9999802301,1011618,1011618
Probabilistic Counting,L=4,streaming,50,10000000,1035322,10000000,21041998,1035322,20,0,0,nan,0,-1035302,1035302,-0.9999806823,0.9999806823,1035302,1035302
Probabilistic Counting,L=4,streaming,50,10000000,1059561,10000000,21041998,1059561,20,0,0,nan,0,-1059541,1059541,-0.9999811243,0.9999811243,1059541,1059541
Probabilistic Counting,L=4,streaming,50,10000000,1084366,10000000,21041998,1084366,20,0,0,nan,0,-1084346,1084346,-0.999981556,0.999981556,1084346,1084346
Probabilistic Counting,L=4,streaming,50,10000000,1135734,10000000,21041998,1135734,20,0,0,nan,0,-1135714,1135714,-0.9999823902,0.9999823902,1135714,1135714
Probabilistic Counting,L=4,streaming,50,10000000,1162323,10000000,21041998,1162323,20,0,0,nan,0,-1162303,1162303,-0.9999827931,0.9999827931,1162303,1162303
Probabilistic Counting,L=4,streaming,50,10000000,1189535,10000000,21041998,1189535,20,0,0,nan,0,-1189515,1189515,-0.9999831867,0.9999831867,1189515,1189515
Probabilistic Counting,L=4,streaming,50,10000000,1245884,10000000,21041998,1245884,20,0,0,nan,0,-1245864,1245864,-0.9999839471,0.9999839471,1245864,1245864
Probabilistic Counting,L=4,streaming,50,10000000,1275052,10000000,21041998,1275052,20,0,0,nan,0,-1275032,1275032,-0.9999843144,0.9999843144,1275032,1275032
Probabilistic Counting,L=4,streaming,50,10000000,1304902,10000000,21041998,1304902,20,0,0,nan,0,-1304882,1304882,-0.9999846732,0.9999846732,1304882,1304882
Probabilistic Counting,L=4,streaming,50,10000000,1366717,10000000,21041998,1366717,20,0,0,nan,0,-1366697,1366697,-0.9999853664,0.9999853664,1366697,1366697
Probabilistic Counting,L=4,streaming,50,10000000,1398714,10000000,21041998,1398714,20,0,0,nan,0,-1398694,1398694,-0.9999857012,0.9999857012,1398694,1398694
Probabilistic Counting,L=4,streaming,50,10000000,1431459,10000000,21041998,1431459,20,0,0,nan,0,-1431439,1431439,-0.9999860282,0.9999860282,1431439,1431439
Probabilistic Counting,L=4,streaming,50,10000000,1499269,10000000,21041998,1499269,20,0,0,nan,0,-1499249,1499249,-0.9999866602,0.9999866602,1499249,1499249
Probabilistic Counting,L=4,streaming,50,10000000,1534369,10000000,21041998,1534369,20,0,0,nan,0,-1534349,1534349,-0.9999869653,0.9999869653,1534349,1534349
Probabilistic Counting,L=4,streaming,50,10000000,1570291,10000000,21041998,1570291,20,0,0,nan,0,-1570271,1570271,-0.9999872635,0.9999872635,1570271,1570271
Probabilistic Counting,L=4,streaming,50,10000000,1644677,10000000,21041998,1644677,20,0,0,nan,0,-1644657,1644657,-0.9999878396,0.9999878396,1644657,1644657
Probabilistic Counting,L=4,streaming,50,10000000,1683181,10000000,21041998,1683181,20,0,0,nan,0,-1683161,1683161,-0.9999881177,0.9999881177,1683161,1683161
Probabilistic Counting,L=4,streaming,50,10000000,1722586,10000000,21041998,1722586,20,0,0,nan,0,-1722566,1722566,-0.9999883895,0.9999883895,1722566,1722566
Probabilistic Counting,L=4,streaming,50,10000000,1804187,10000000,21041998,1804187,20,0,0,nan,0,-1804167,1804167,-0.9999889147,0.9999889147,1804167,1804167
Probabilistic Counting,L=4,streaming,50,10000000,1846425,10000000,21041998,1846425,20,0,0,nan,0,-1846405,1846405,-0.9999891683,0.9999891683,1846405,1846405
Probabilistic Counting,L=4,streaming,50,10000000,1889653,10000000,21041998,1889653,20,0,0,nan,0,-1889633,1889633,-0.999989416,0.999989416,1889633,1889633
Probabilistic Counting,L=4,streaming,50,10000000,1979167,10000000,21041998,1979167,20,0,0,nan,0,-1979147,1979147,-0.9999898947,0.9999898947,1979147,1979147
Probabilistic Counting,L=4,streaming,50,10000000,2025502,10000000,21041998,2025502,20,0,0,nan,0,-2025482,2025482,-0.9999901259,0.9999901259,2025482,2025482
Probabilistic Counting,L=4,streaming,50,10000000,2072922,10000000,21041998,2072922,20,0,0,nan,0,-2072902,2072902,-0.9999903518,0.9999903518,2072902,2072902
Probabilistic Counting,L=4,streaming,50,10000000,2171118,10000000,21041998,2171118,20,0,0,nan,0,-2171098,2171098,-0.9999907882,0.9999907882,2171098,2171098
Probabilistic Counting,L=4,streaming,50,10000000,2221947,10000000,21041998,2221947,20,0,0,nan,0,-2221927,2221927,-0.9999909989,0.9999909989,2221927,2221927
Probabilistic Counting,L=4,streaming,50,10000000,2273966,10000000,21041998,2273966,20,0,0,nan,0,-2273946,2273946,-0.9999912048,0.9999912048,2273946,2273946
Probabilistic Counting,L=4,streaming,50,10000000,2381686,10000000,21041998,2381686,20,0,0,nan,0,-2381666,2381666,-0.9999916026,0.9999916026,2381666,2381666
Probabilistic Counting,L=4,streaming,50,10000000,2437445,10000000,21041998,2437445,20,0,0,nan,0,-2437425,2437425,-0.9999917947,0.9999917947,2437425,2437425
Probabilistic Counting,L=4,streaming,50,10000000,2494509,10000000,21041998,2494509,20,0,0,nan,0,-2494489,2494489,-0.9999919824,0.9999919824,2494489,2494489
Probabilistic Counting,L=4,streaming,50,10000000,2612676,10000000,21041998,2612676,20,0,0,nan,0,-2612656,2612656,-0.999992345,0.999992345,2612656,2612656
Probabilistic Counting,L=4,streaming,50,10000000,2673842,10000000,21041998,2673842,20,0,0,nan,0,-2673822,2673822,-0.9999925201,0.9999925201,2673822,2673822
Probabilistic Counting,L=4,streaming,50,10000000,2736440,10000000,21041998,2736440,20,0,0,nan,0,-2736420,2736420,-0.9999926912,0.9999926912,2736420,2736420
Probabilistic Counting,L=4,streaming,50,10000000,2866068,10000000,21041998,2866068,20,0,0,nan,0,-2866048,2866048,-0.9999930218,0.9999930218,2866048,2866048
Probabilistic Counting,L=4,streaming,50,10000000,2933167,10000000,21041998,2933167,20,0,0,nan,0,-2933147,2933147,-0.9999931814,0.9999931814,2933147,2933147
Probabilistic Counting,L=4,streaming,50,10000000,3001836,10000000,21041998,3001836,20,0,0,nan,0,-3001816,3001816,-0.9999933374,0.9999933374,3001816,3001816
Probabilistic Counting,L=4,streaming,50,10000000,3144036,10000000,21041998,3144036,20,0,0,nan,0,-3144016,3144016,-0.9999936387,0.9999936387,3144016,3144016
Probabilistic Counting,L=4,streaming,50,10000000,3217642,10000000,21041998,3217642,20,0,0,nan,0,-3217622,3217622,-0.9999937843,0.9999937843,3217622,3217622
Probabilistic Counting,L=4,streaming,50,10000000,3292972,10000000,21041998,3292972,20,0,0,nan,0,-3292952,3292952,-0.9999939265,0.9999939265,3292952,3292952
Probabilistic Counting,L=4,streaming,50,10000000,3448963,10000000,21041998,3448963,20,0,0,nan,0,-3448943,3448943,-0.9999942012,0.9999942012,3448943,3448943
Probabilistic Counting,L=4,streaming,50,10000000,3529708,10000000,21041998,3529708,20,0,0,nan,0,-3529688,3529688,-0.9999943338,0.9999943338,3529688,3529688
Probabilistic Counting,L=4,streaming,50,10000000,3612343,10000000,21041998,3612343,20,0,0,nan,0,-3612323,3612323,-0.9999944634,0.9999944634,3612323,3612323
Probabilistic Counting,L=4,streaming,50,10000000,3783463,10000000,21041998,3783463,20,0,0,nan,0,-3783443,3783443,-0.9999947138,0.9999947138,3783443,3783443
Probabilistic Counting,L=4,streaming,50,10000000,3872039,10000000,21041998,3872039,20,0,0,nan,0,-3872019,3872019,-0.9999948348,0.9999948348,3872019,3872019
Probabilistic Counting,L=4,streaming,50,10000000,3962689,10000000,21041998,3962689,20,0,0,nan,0,-3962669,3962669,-0.9999949529,0.9999949529,3962669,3962669
Probabilistic Counting,L=4,streaming,50,10000000,4150405,10000000,21041998,4150405,20,0,0,nan,0,-4150385,4150385,-0.9999951812,0.9999951812,4150385,4150385
Probabilistic Counting,L=4,streaming,50,10000000,4247572,10000000,21041998,4247572,20,0,0,nan,0,-4247552,4247552,-0.9999952914,0.9999952914,4247552,4247552
Probabilistic Counting,L=4,streaming,50,10000000,4347014,10000000,21041998,4347014,20,0,0,nan,0,-4346994,4346994,-0.9999953991,0.9999953991,4346994,4346994
Probabilistic Counting,L=4,streaming,50,10000000,4552936,10000000,21041998,4552936,20,0,0,nan,0,-4552916,4552916,-0.9999956072,0.9999956072,4552916,4552916
Probabilistic Counting,L=4,streaming,50,10000000,4659526,10000000,21041998,4659526,20,0,0,nan,0,-4659506,4659506,-0.9999957077,0.9999957077,4659506,4659506
Probabilistic Counting,L=4,streaming,50,10000000,4768612,10000000,21041998,4768612,20,0,0,nan,0,-4768592,4768592,-0.9999958059,0.9999958059,4768592,4768592
Probabilistic Counting,L=4,streaming,50,10000000,4880252,10000000,21041998,4880252,20,0,0,nan,0,-4880232,4880232,-0.9999959019,0.9999959019,4880232,4880232
Probabilistic Counting,L=4,streaming,50,10000000,5111434,10000000,21041998,5111434,20,0,0,nan,0,-5111414,5111414,-0.9999960872,0.9999960872,5111414,5111414
Probabilistic Counting,L=4,streaming,50,10000000,5231100,10000000,21041998,5231100,20,0,0,nan,0,-5231080,5231080,-0.9999961767,0.9999961767,5231080,5231080
Probabilistic Counting,L=4,streaming,50,10000000,5353567,10000000,21041998,5353567,20,0,0,nan,0,-5353547,5353547,-0.9999962642,0.9999962642,5353547,5353547
Probabilistic Counting,L=4,streaming,50,10000000,5607170,10000000,21041998,5607170,20,0,0,nan,0,-5607150,5607150,-0.9999964331,0.9999964331,5607150,5607150
Probabilistic Counting,L=4,streaming,50,10000000,5738442,10000000,21041998,5738442,20,0,0,nan,0,-5738422,5738422,-0.9999965147,0.9999965147,5738422,5738422
Probabilistic Counting,L=4,streaming,50,10000000,5872787,10000000,21041998,5872787,20,0,0,nan,0,-5872767,5872767,-0.9999965945,0.9999965945,5872767,5872767
Probabilistic Counting,L=4,streaming,50,10000000,6150986,10000000,21041998,6150986,20,0,0,nan,0,-6150966,6150966,-0.9999967485,0.9999967485,6150966,6150966
Probabilistic Counting,L=4,streaming,50,10000000,6294989,10000000,21041998,6294989,20,0,0,nan,0,-6294969,6294969,-0.9999968229,0.9999968229,6294969,6294969
Probabilistic Counting,L=4,streaming,50,10000000,6442364,10000000,21041998,6442364,20,0,0,nan,0,-6442344,6442344,-0.9999968955,0.9999968955,6442344,6442344
Probabilistic Counting,L=4,streaming,50,10000000,6747545,10000000,21041998,6747545,20,0,0,nan,0,-6747525,6747525,-0.999997036,0.999997036,6747525,6747525
Probabilistic Counting,L=4,streaming,50,10000000,6905514,10000000,21041998,6905514,20,0,0,nan,0,-6905494,6905494,-0.9999971038,0.9999971038,6905494,6905494
Probabilistic Counting,L=4,streaming,50,10000000,7067182,10000000,21041998,7067182,20,0,0,nan,0,-7067162,7067162,-0.99999717,0.99999717,7067162,7067162
Probabilistic Counting,L=4,streaming,50,10000000,7401960,10000000,21041998,7401960,20,0,0,nan,0,-7401940,7401940,-0.999997298,0.999997298,7401940,7401940
Probabilistic Counting,L=4,streaming,50,10000000,7575251,10000000,21041998,7575251,20,0,0,nan,0,-7575231,7575231,-0.9999973598,0.9999973598,7575231,7575231
Probabilistic Counting,L=4,streaming,50,10000000,7752598,10000000,21041998,7752598,20,0,0,nan,0,-7752578,7752578,-0.9999974202,0.9999974202,7752578,7752578
Probabilistic Counting,L=4,streaming,50,10000000,8119845,10000000,21041998,8119845,20,0,0,nan,0,-8119825,8119825,-0.9999975369,0.9999975369,8119825,8119825
Probabilistic Counting,L=4,streaming,50,10000000,8309942,10000000,21041998,8309942,20,0,0,nan,0,-8309922,8309922,-0.9999975932,0.9999975932,8309922,8309922
Probabilistic Counting,L=4,streaming,50,10000000,8504490,10000000,21041998,8504490,20,0,0,nan,0,-8504470,8504470,-0.9999976483,0.9999976483,8504470,8504470
Probabilistic Counting,L=4,streaming,50,10000000,8907355,10000000,21041998,8907355,20,0,0,nan,0,-8907335,8907335,-0.9999977547,0.9999977547,8907335,8907335
Probabilistic Counting,L=4,streaming,50,10000000,9115889,10000000,21041998,9115889,20,0,0,nan,0,-9115869,9115869,-0.999997806,0.999997806,9115869,9115869
Probabilistic Counting,L=4,streaming,50,10000000,9329305,10000000,21041998,9329305,20,0,0,nan,0,-9329285,9329285,-0.9999978562,0.9999978562,9329285,9329285
Probabilistic Counting,L=4,streaming,50,10000000,9771242,10000000,21041998,9771242,20,0,0,nan,0,-9771222,9771222,-0.9999979532,0.9999979532,9771222,9771222
Probabilistic Counting,L=4,streaming,50,10000000,10000000,10000000,21041998,10000000,20,0,0,nan,0,-9999980,9999980,-0.999998,0.999998,9999980,9999980
