pair_group,strategy,d,rho,merge_rel_mean,serial_rel_mean,baseline_gap_rel_mean,degradation_ratio_mean
8 vs 10,unsafe_naive_merge,10000000,1,0.75922,0.04088,0.8001,18.57191780821918
8 vs 10,unsafe_naive_merge,1000000,10,0.053795087318160004,0.05865230484512,0.05675902104080967,1.6961510623006095
8 vs 10,unsafe_naive_merge,100000,100,0.05353408807988,0.05294466877232,0.05611356692591268,2.855632319645971
8 vs 10,reduce_then_merge,10000000,1,0.04088,0.04088,0.0,1.0
8 vs 10,reduce_then_merge,1000000,10,0.05865230484512,0.05865230484512,0.0,1.0
8 vs 10,reduce_then_merge,100000,100,0.05294466877232,0.05294466877232,0.0,1.0
8 vs 12,unsafe_naive_merge,10000000,1,0.8281228,0.04088,0.8690028,20.257407045009785
8 vs 12,unsafe_naive_merge,1000000,10,0.059744816536560004,0.05865230484512,0.0696508727317879,2.016473999179668
8 vs 12,unsafe_naive_merge,100000,100,0.059658527640056,0.05294466877232,0.06370365162777439,1.997751118360155
8 vs 12,reduce_then_merge,10000000,1,0.04088,0.04088,0.0,1.0
8 vs 12,reduce_then_merge,1000000,10,0.05865230484512,0.05865230484512,0.0,1.0
8 vs 12,reduce_then_merge,100000,100,0.05294466877232,0.05294466877232,0.0,1.0
8 vs 14,unsafe_naive_merge,10000000,1,0.9131053999999998,0.04088,0.9539854,22.336237769080235
8 vs 14,unsafe_naive_merge,1000000,10,0.06932417620696,0.05865230484512,0.07623992628876777,2.445537096328083
8 vs 14,unsafe_naive_merge,100000,100,0.05606670577272,0.05294466877232,0.07336792752545357,2.7710658024970383
8 vs 14,reduce_then_merge,10000000,1,0.04088,0.04088,0.0,1.0
8 vs 14,reduce_then_merge,1000000,10,0.05865230484512,0.05865230484512,0.0,1.0
8 vs 14,reduce_then_merge,100000,100,0.05294466877232,0.05294466877232,0.0,1.0
8 vs 16,unsafe_naive_merge,10000000,1,1.0272848,0.04088,1.0681648,25.129275929549905
8 vs 16,unsafe_naive_merge,1000000,10,0.0577258748216636,0.05865230484512,0.06736189346925857,1.957079510277388
8 vs 16,unsafe_naive_merge,100000,100,0.0468529578384,0.05294466877232,0.059531352847257295,1.615960374735466
8 vs 16,reduce_then_merge,10000000,1,0.04088,0.04088,0.0,1.0
8 vs 16,reduce_then_merge,1000000,10,0.05865230484512,0.05865230484512,0.0,1.0
8 vs 16,reduce_then_merge,100000,100,0.05294466877232,0.05294466877232,0.0,1.0
8 vs 18,unsafe_naive_merge,10000000,1,1.0509766,0.04088,1.0918566,25.708820939334643
8 vs 18,unsafe_naive_merge,1000000,10,0.05092509962512,0.05865230484512,0.07083780232660304,1.6318182813460398
8 vs 18,unsafe_naive_merge,100000,100,0.040132861122080005,0.05294466877232,0.05553243622923004,2.043593178361118
8 vs 18,reduce_then_merge,10000000,1,0.04088,0.04088,0.0,1.0
8 vs 18,reduce_then_merge,1000000,10,0.05865230484512,0.05865230484512,0.0,1.0
8 vs 18,reduce_then_merge,100000,100,0.05294466877232,0.05294466877232,0.0,1.0
10 vs 12,unsafe_naive_merge,10000000,1,0.7304255999999999,0.0164168,0.7140088,44.49256858827543
10 vs 12,unsafe_naive_merge,1000000,10,0.02893538319468,0.02303149488648,0.03976573739378805,3.4400603550346527
10 vs 12,unsafe_naive_merge,100000,100,0.02549338051108,0.02432809588288,0.027557663389855765,2.3198318369626185
10 vs 12,reduce_then_merge,10000000,1,0.0164168,0.0164168,0.0,1.0
10 vs 12,reduce_then_merge,1000000,10,0.02303149488648,0.02303149488648,0.0,1.0
10 vs 12,reduce_then_merge,100000,100,0.02432809588288,0.02432809588288,0.0,1.0
10 vs 14,unsafe_naive_merge,10000000,1,1.0613779,0.0164168,1.0449611,64.65193582184105
10 vs 14,unsafe_naive_merge,1000000,10,0.04456027422168,0.02303149488648,0.05814227781570928,4.394868154817702
10 vs 14,unsafe_naive_merge,100000,100,0.03318839209768,0.02432809588288,0.023038046685074982,2.250120246906375
10 vs 14,reduce_then_merge,10000000,1,0.0164168,0.0164168,0.0,1.0
10 vs 14,reduce_then_merge,1000000,10,0.02303149488648,0.02303149488648,0.0,1.0
10 vs 14,reduce_then_merge,100000,100,0.02432809588288,0.02432809588288,0.0,1.0
10 vs 16,unsafe_naive_merge,10000000,1,1.1029392,0.0164168,1.0865224,67.18356805223918
10 vs 16,unsafe_naive_merge,1000000,10,0.051478043546840005,0.02303149488648,0.05962661000082119,6.005980111499441
10 vs 16,unsafe_naive_merge,100000,100,0.03340034703368,0.02432809588288,0.03140056659643171,3.7256823913011483
10 vs 16,reduce_then_merge,10000000,1,0.0164168,0.0164168,0.0,1.0
10 vs 16,reduce_then_merge,1000000,10,0.02303149488648,0.02303149488648,0.0,1.0
10 vs 16,reduce_then_merge,100000,100,0.02432809588288,0.02432809588288,0.0,1.0
10 vs 18,unsafe_naive_merge,10000000,1,1.0490454,0.0164168,1.0326286,63.90072364894499
10 vs 18,unsafe_naive_merge,1000000,10,0.05089871025772,0.02303149488648,0.06454551870956132,6.084489864194886
10 vs 18,unsafe_naive_merge,100000,100,0.0195254159292,0.02432809588288,0.02561518452426219,1.6683052938487237
10 vs 18,reduce_then_merge,10000000,1,0.0164168,0.0164168,0.0,1.0
10 vs 18,reduce_then_merge,1000000,10,0.02303149488648,0.02303149488648,0.0,1.0
10 vs 18,reduce_then_merge,100000,100,0.02432809588288,0.02432809588288,0.0,1.0
12 vs 14,unsafe_naive_merge,10000000,1,0.7474526,0.0078164,0.7396362,95.62619620285554
12 vs 14,unsafe_naive_merge,1000000,10,0.03427487401384,0.009598246967924001,0.034980605088567665,8.383106367149763
12 vs 14,unsafe_naive_merge,100000,100,0.012334588087388,0.0135833127431844,0.012955875223358957,14.328824585601899
12 vs 14,reduce_then_merge,10000000,1,0.0078164,0.0078164,0.0,1.0
12 vs 14,reduce_then_merge,1000000,10,0.009598246967924001,0.009598246967924001,0.0,1.0
12 vs 14,reduce_then_merge,100000,100,0.0135833127431844,0.0135833127431844,0.0,1.0
12 vs 16,unsafe_naive_merge,10000000,1,0.9344645,0.0078164,0.9266481,119.55177575354384
12 vs 16,unsafe_naive_merge,1000000,10,0.050685085228400005,0.009598246967924001,0.05181452339214315,11.035889922073252
12 vs 16,unsafe_naive_merge,100000,100,0.01417143752824,0.0135833127431844,0.01580642399029592,9.938081302842997
12 vs 16,reduce_then_merge,10000000,1,0.0078164,0.0078164,0.0,1.0
12 vs 16,reduce_then_merge,1000000,10,0.009598246967924001,0.009598246967924001,0.0,1.0
12 vs 16,reduce_then_merge,100000,100,0.0135833127431844,0.0135833127431844,0.0,1.0
12 vs 18,unsafe_naive_merge,10000000,1,1.003296,0.0078164,0.9954796,128.35781178035924
12 vs 18,unsafe_naive_merge,1000000,10,0.046924390129199994,0.009598246967924001,0.04805382829180203,11.32828035300649
12 vs 18,unsafe_naive_merge,100000,100,0.011512683946940001,0.0135833127431844,0.014751866570394526,15.437454481731955
12 vs 18,reduce_then_merge,10000000,1,0.0078164,0.0078164,0.0,1.0
12 vs 18,reduce_then_merge,1000000,10,0.009598246967924001,0.009598246967924001,0.0,1.0
12 vs 18,reduce_then_merge,100000,100,0.0135833127431844,0.0135833127431844,0.0,1.0
14 vs 16,unsafe_naive_merge,10000000,1,0.7204355,0.011019899999999997,0.7094156000000001,65.37586547972305
14 vs 16,unsafe_naive_merge,1000000,10,0.0395841719916,0.0058950424802236,0.037660013438609356,48.47405549421656
14 vs 16,unsafe_naive_merge,100000,100,0.008016717903148,0.005393808225176,0.007093182288140706,2.4309568877228753
14 vs 16,reduce_then_merge,10000000,1,0.011019899999999997,0.011019899999999997,0.0,1.0
14 vs 16,reduce_then_merge,1000000,10,0.0058950424802236,0.0058950424802236,0.0,1.0
14 vs 16,reduce_then_merge,100000,100,0.005393808225176,0.005393808225176,0.0,1.0
14 vs 18,unsafe_naive_merge,10000000,1,0.9470671,0.011019899999999997,0.9360472,85.9415330447645
14 vs 18,unsafe_naive_merge,1000000,10,0.0496218756856,0.0058950424802236,0.047697717133151275,53.21736981560469
14 vs 18,unsafe_naive_merge,100000,100,0.0084821590259304,0.005393808225176,0.007541813912354248,4.2256507795930975
14 vs 18,reduce_then_merge,10000000,1,0.011019899999999997,0.011019899999999997,0.0,1.0
14 vs 18,reduce_then_merge,1000000,10,0.0058950424802236,0.0058950424802236,0.0,1.0
14 vs 18,reduce_then_merge,100000,100,0.005393808225176,0.005393808225176,0.0,1.0
16 vs 18,unsafe_naive_merge,10000000,1,0.7517329,0.0075029,0.7442300000000001,100.19231230590839
16 vs 18,unsafe_naive_merge,1000000,10,0.0412138294804,0.0034605442855804003,0.03984681017348835,67.24846446167768
16 vs 18,unsafe_naive_merge,100000,100,0.004730208136576,0.0034252750226119997,0.0020096880695110435,2.0832695389852036
16 vs 18,reduce_then_merge,10000000,1,0.0075029,0.0075029,0.0,1.0
16 vs 18,reduce_then_merge,1000000,10,0.0034605442855804003,0.0034605442855804003,0.0,1.0
16 vs 18,reduce_then_merge,100000,100,0.0034252750226119997,0.0034252750226119997,0.0,1.0
